Country,Location,Season Code,Season Start Date,Season End Date,Lodging,Meals & Incidentals,Per Diem,Effective Date ,Footnote Reference,Location Code
AFGHANISTAN,[Other],S1,1-Jan,31-Dec,0,15,15,1-Aug-03,"19,2",11804
AFGHANISTAN,Kabul,S1,1-Jan,31-Dec,0,33,33,1-Jul-16,"19,2",10323
ALBANIA,[Other],S1,1-Jan,31-Dec,89,42,131,1-Mar-18,,11908
ALBANIA,Tirana,S1,1-Jan,31-Dec,190,95,285,1-Mar-18,,10104
ALGERIA,[Other],S1,1-Jan,31-Dec,192,112,304,1-Jan-15,2,11805
ALGERIA,Algiers,S1,1-Jan,31-Dec,180,75,255,1-Nov-17,,10324
ANDORRA,Andorra,S1,1-Jan,31-Dec,209,123,332,1-Jan-08,,11079
ANGOLA,[Other],S1,1-Jan,31-Dec,405,170,575,1-Aug-13,,11822
ANGOLA,Luanda,S1,1-Jan,31-Dec,405,170,575,1-Aug-13,,10373
ANGUILLA,The Valley,S1,1-Jan,31-Dec,279,161,440,1-Oct-16,,91116
ANTARCTICA,Antarctica Region Posts,S1,1-Jan,31-Dec,0,1,1,1-Jun-10,,19942
ANTIGUA AND BARBUDA,[Other],S1,16-Apr,14-Dec,37,18,55,1-May-08,,11984
ANTIGUA AND BARBUDA,[Other],S2,15-Dec,15-Apr,50,19,69,1-May-08,,11984
ANTIGUA AND BARBUDA,Antigua and Barbuda,S1,1-May,30-Nov,203,115,318,1-May-16,,11052
ANTIGUA AND BARBUDA,Antigua and Barbuda,S2,1-Dec,30-Apr,252,120,372,1-May-16,,11052
ARGENTINA,[Other],S1,1-Jan,31-Dec,175,117,292,1-May-12,,11737
ARGENTINA,Bariloche,S1,1-Jan,31-Dec,218,112,330,1-Mar-12,,12637
ARGENTINA,Buenos Aires,S1,1-Jan,31-Dec,267,129,396,1-Jan-17,,10016
ARGENTINA,Mendoza,S1,1-Jan,31-Dec,182,105,287,1-May-12,,19952
ARMENIA,[Other],S1,1-Jan,31-Dec,148,92,240,1-May-12,,11756
ARMENIA,Yerevan,S1,1-Jan,31-Dec,148,92,240,1-May-12,,10105
ASCENSION ISLAND,Ascension Island,S1,1-Jan,31-Dec,122,29,151,1-Nov-16,,11053
AUSTRALIA,[Other],S1,1-Jan,31-Dec,144,112,256,1-Feb-18,,11787
AUSTRALIA,Adelaide,S1,1-Jan,31-Dec,165,136,301,1-Feb-18,,10244
AUSTRALIA,Bendigo,S1,1-Jan,31-Dec,291,137,428,1-Feb-18,,19983
AUSTRALIA,Brisbane,S1,1-Jan,31-Dec,177,110,287,1-Feb-18,,10245
AUSTRALIA,Broome,S1,1-Jan,31-Dec,327,142,469,1-Feb-18,,15035
AUSTRALIA,Cairns,S1,1-Jan,31-Dec,144,112,256,1-Feb-18,,12583
AUSTRALIA,Canberra,S1,1-Jan,31-Dec,173,137,310,1-Feb-18,,10243
AUSTRALIA,"Darwin,  Northern Territory",S1,1-Jan,31-Dec,226,137,363,1-Feb-18,,12342
AUSTRALIA,Exmouth,S1,1-Jan,31-Dec,185,127,312,1-Feb-18,,15065
AUSTRALIA,Fremantle,S1,1-Jan,31-Dec,200,117,317,1-Feb-18,,13319
AUSTRALIA,Hobart,S1,1-Jan,31-Dec,177,145,322,1-Feb-18,,12372
AUSTRALIA,Melbourne,S1,1-Jan,31-Dec,206,159,365,1-Feb-18,,10246
AUSTRALIA,Perth,S1,1-Jan,31-Dec,227,149,376,1-Feb-18,,10247
AUSTRALIA,"Richmond, NSW",S1,1-Jan,31-Dec,161,117,278,1-Feb-18,,13553
AUSTRALIA,Sydney,S1,1-Jan,31-Dec,240,157,397,1-Feb-18,,10248
AUSTRIA,[Other],S1,1-Jan,31-Dec,241,136,377,1-Mar-18,,11757
AUSTRIA,Graz,S1,1-Jan,31-Dec,228,156,384,1-Mar-18,,11985
AUSTRIA,Innsbruck,S1,1-Jan,31-Dec,241,136,377,1-Mar-18,,11082
AUSTRIA,Linz,S1,1-Jan,31-Dec,203,161,364,1-Mar-18,,11410
AUSTRIA,Salzburg,S1,1-Jan,31-Dec,234,162,396,1-Mar-18,,10107
AUSTRIA,Vienna,S1,1-Jan,31-Dec,241,133,374,1-Mar-18,,10106
AZERBAIJAN,[Other],S1,1-Jan,31-Dec,98,81,179,1-Sep-14,,11758
AZERBAIJAN,Baku,S1,1-Jan,31-Dec,246,115,361,1-Sep-14,,10109
AZERBAIJAN,Ganja,S1,1-Jan,31-Dec,125,90,215,1-Sep-14,,19944
AZERBAIJAN,Qabala,S1,1-Jan,31-Dec,128,84,212,1-Sep-14,,15045
"Bahamas, The",[Other],S1,1-Jan,31-Dec,176,132,308,1-Jul-17,10,11891
"Bahamas, The",Andros Island,S1,1-Jan,31-Dec,159,107,266,1-Aug-15,10,11000
"Bahamas, The",Eleuthera Island,S1,17-Apr,14-Nov,213,143,356,1-Sep-15,10,11001
"Bahamas, The",Eleuthera Island,S2,15-Nov,16-Apr,276,150,426,1-Sep-15,10,11001
"Bahamas, The",Grand Bahama Island,S1,1-Jan,31-Dec,187,126,313,1-May-15,10,11002
"Bahamas, The",Nassau,S1,1-Jan,31-Dec,318,159,477,1-Mar-15,10,10017
BAHRAIN,Bahrain,S1,1-Jan,31-Dec,255,122,377,1-Aug-16,,11054
BAHRAIN,MANAMA,S1,1-Jan,31-Dec,255,122,377,1-Aug-16,,91120
BANGLADESH,[Other],S1,1-Jan,31-Dec,73,71,144,1-Jun-13,,11807
BANGLADESH,Chittagong,S1,1-Jan,31-Dec,100,71,171,1-Jul-13,,11986
BANGLADESH,Dhaka,S1,1-Jan,31-Dec,200,90,290,1-Jan-13,,10327
BANGLADESH,Sylhet,S1,1-Jan,31-Dec,105,69,174,1-Jun-13,,15021
BARBADOS,Barbados,S1,16-Apr,14-Dec,178,128,306,1-Sep-14,,11055
BARBADOS,Barbados,S2,15-Dec,15-Apr,287,139,426,1-Sep-14,,11055
BELARUS,[Other],S1,1-Jan,31-Dec,190,84,274,1-Jan-17,,11904
BELARUS,Minsk,S1,1-Jan,31-Dec,190,84,274,1-Jan-17,,10822
BELGIUM,[Other],S1,1-Jan,31-Dec,88,77,165,1-Mar-18,,11760
BELGIUM,Antwerp,S1,1-Jan,31-Dec,206,114,320,1-Mar-18,,10112
BELGIUM,Brugge,S1,1-Jan,31-Dec,140,100,240,1-Mar-18,12,12125
BELGIUM,Brussels,S1,1-Jan,31-Dec,188,149,337,1-Mar-18,,10111
BELGIUM,Diegem,S1,1-Jan,31-Dec,188,149,337,1-Mar-18,,11087
BELGIUM,Kleine Brogel,S1,1-Jan,31-Dec,124,87,211,1-Mar-18,,10819
BELGIUM,Liege,S1,1-Jan,31-Dec,152,81,233,1-Mar-18,,11091
BELGIUM,SHAPE/Chievres,S1,1-Jan,31-Dec,120,88,208,1-Mar-18,,10820
BELGIUM,Zaventem,S1,1-Jan,31-Dec,188,149,337,1-Mar-18,,11093
BELIZE,[Other],S1,1-Jan,31-Dec,138,91,229,1-Dec-15,,11742
BELIZE,Belize City,S1,1-Jan,31-Dec,138,91,229,1-Dec-15,,10049
BELIZE,Belmopan,S1,1-Jan,31-Dec,149,93,242,1-Dec-15,,13643
BELIZE,Caye Caulker,S1,1-Jan,31-Dec,152,99,251,1-Jan-16,,15072
BELIZE,San Pedro,S1,1-Jan,31-Dec,174,99,273,1-Dec-15,,15018
BENIN,[Other],S1,1-Jan,31-Dec,80,67,147,1-May-08,,11831
BENIN,Cotonou,S1,1-Jan,31-Dec,147,93,240,1-Mar-18,,10386
BERMUDA,Bermuda,S1,1-Apr,30-Nov,445,191,636,1-Apr-17,,11963
BERMUDA,Bermuda,S2,1-Dec,31-Mar,365,183,548,1-Apr-17,,11963
BHUTAN,Bhutan,S1,1-Jan,31-Dec,280,112,392,1-Dec-10,,11094
BOLIVIA,[Other],S1,1-Jan,31-Dec,77,53,130,1-May-16,,11738
BOLIVIA,Cochabamba,S1,1-Jan,31-Dec,85,49,134,1-Sep-12,,10019
BOLIVIA,La Paz,S1,1-Jan,31-Dec,140,85,225,1-Apr-16,,10018
BOLIVIA,Potosi,S1,1-Jan,31-Dec,88,60,148,1-Apr-16,,12246
BOLIVIA,Santa Cruz,S1,1-Jan,31-Dec,135,82,217,1-Oct-15,,10435
BOLIVIA,Tarija,S1,1-Jan,31-Dec,81,60,141,1-Sep-17,,11003
Bosnia and Herzegovina,[Other],S1,1-Jan,31-Dec,115,74,189,1-Mar-18,,11915
Bosnia and Herzegovina,Sarajevo,S1,1-Jan,31-Dec,115,74,189,1-Mar-18,,11043
BOTSWANA,[Other],S1,1-Jan,31-Dec,146,81,227,1-Apr-18,,11824
BOTSWANA,Francistown,S1,1-Jan,31-Dec,156,83,239,1-Apr-18,,12578
BOTSWANA,Gaborone,S1,1-Jan,31-Dec,166,90,256,1-Apr-18,,10377
BOTSWANA,Kasane,S1,1-Jan,31-Dec,193,94,287,1-Apr-18,,12390
BOTSWANA,Maun,S1,1-Jan,31-Dec,166,82,248,1-Apr-18,,12579
BOTSWANA,Selebi Phikwe,S1,1-Jan,31-Dec,146,81,227,1-Apr-18,,10728
BOTSWANA,Serowe,S1,1-Jan,31-Dec,89,79,168,1-Apr-18,,12977
BRAZIL,[Other],S1,1-Jan,31-Dec,177,130,307,1-May-12,,12078
BRAZIL,Belem,S1,1-Jan,31-Dec,128,76,204,1-Dec-17,,11098
BRAZIL,Belo Horizonte,S1,1-Jan,31-Dec,117,68,185,1-Dec-17,,10023
BRAZIL,Brasilia,S1,1-Jan,31-Dec,227,123,350,1-Apr-16,,10022
BRAZIL,Fortaleza,S1,1-Jan,31-Dec,210,114,324,1-Jun-13,,11004
BRAZIL,Foz do Iguacu,S1,1-Jan,31-Dec,116,97,213,1-Dec-17,,11102
BRAZIL,Goiania,S1,1-Jan,31-Dec,194,131,325,1-May-12,,11103
BRAZIL,Manaus,S1,1-Jan,31-Dec,155,88,243,1-Mar-10,,11105
BRAZIL,Natal,S1,1-Jan,31-Dec,199,95,294,1-Nov-10,,11106
BRAZIL,Porto Alegre,S1,1-Jan,31-Dec,144,102,246,1-Mar-16,,10029
BRAZIL,Porto Velho,S1,1-Jan,31-Dec,108,58,166,1-Dec-17,,15062
BRAZIL,"Recife, Pernambuco",S1,1-Jan,31-Dec,199,93,292,1-Nov-10,,10030
BRAZIL,Rio de Janeiro,S1,1-Jan,31-Dec,361,157,518,1-Dec-13,,10031
BRAZIL,Salvador da Bahia,S1,1-Jan,31-Dec,201,121,322,1-Dec-13,,11108
BRAZIL,Sao Paulo,S1,1-Jan,31-Dec,282,94,376,1-Feb-16,30,10033
BRUNEI,[Other],S1,1-Jan,31-Dec,75,48,123,1-Mar-00,,11788
BRUNEI,Bandar Seri Begawan,S1,1-Jan,31-Dec,193,97,290,1-May-10,,10250
BRUNEI,Jerudong,S1,1-Jan,31-Dec,245,106,351,1-Mar-14,,19980
BULGARIA,[Other],S1,1-Jan,31-Dec,82,69,151,1-Feb-08,,11762
BULGARIA,Bourgas,S1,1-Jan,31-Dec,85,73,158,1-Nov-17,,12220
BULGARIA,Plovdiv,S1,1-Jan,31-Dec,167,60,227,1-May-08,,12216
BULGARIA,Sofia,S1,1-Jan,31-Dec,173,103,276,1-Apr-18,,10115
BULGARIA,Varna,S1,1-Jan,31-Dec,97,58,155,1-Sep-05,,12219
BURKINA FASO,[Other],S1,1-Jan,31-Dec,77,68,145,1-Mar-18,,11854
BURKINA FASO,Bobo Dioulasso,S1,1-Jan,31-Dec,77,68,145,1-Mar-18,,11116
BURKINA FASO,Ouagadougou,S1,1-Jan,31-Dec,181,116,297,1-Mar-18,,10432
BURMA,[Other],S1,1-Jan,31-Dec,150,93,243,1-Mar-17,,11789
BURMA,Naypyitaw,S1,1-Jan,31-Dec,110,106,216,1-Mar-17,,13519
BURMA,Rangoon,S1,1-Jan,31-Dec,180,107,287,1-Mar-17,,10251
BURUNDI,[Other],S1,1-Jan,31-Dec,120,67,187,1-Jul-11,2,11892
BURUNDI,Bujumbura,S1,1-Jan,31-Dec,120,67,187,1-Jul-11,2,10378
CABO VERDE,[Other],S1,1-Jan,31-Dec,68,50,118,1-Mar-18,,11826
CABO VERDE,Boa Vista Island,S1,1-Jan,31-Dec,184,49,233,1-Mar-18,,11680
CABO VERDE,Fogo,S1,1-Jan,31-Dec,76,69,145,1-Mar-18,,12283
CABO VERDE,Praia,S1,1-Jan,31-Dec,158,103,261,1-Mar-18,,10381
CABO VERDE,Sal Island,S1,1-Jan,31-Dec,171,101,272,1-Mar-18,,11681
CABO VERDE,Sao Tiago Island,S1,1-Jan,31-Dec,56,49,105,1-Mar-18,,11682
CABO VERDE,Sao Vicente Island,S1,1-Jan,31-Dec,127,86,213,1-Mar-18,,11683
CAMBODIA,[Other],S1,1-Jan,31-Dec,110,57,167,1-Apr-15,,11790
CAMBODIA,Phnom Penh,S1,1-Jan,31-Dec,151,85,236,1-May-14,,10253
CAMBODIA,Siem Reap,S1,1-Apr,30-Sep,155,79,234,1-Dec-13,,11117
CAMBODIA,Siem Reap,S2,1-Oct,31-Mar,170,81,251,1-Dec-13,,11117
CAMBODIA,Sihanoukville,S1,1-May,31-Aug,145,73,218,1-Jul-16,,13422
CAMBODIA,Sihanoukville,S2,1-Sep,30-Apr,180,76,256,1-Jul-16,,13422
CAMEROON,[Other],S1,1-Jan,31-Dec,134,63,197,1-Mar-18,2,11825
CAMEROON,Douala,S1,1-Jan,31-Dec,167,131,298,1-Mar-18,,10380
CAMEROON,Limbe,S1,1-Jan,31-Dec,166,75,241,1-Mar-18,,15055
CAMEROON,Yaounde,S1,1-Jan,31-Dec,181,114,295,1-Mar-18,,10379
CANADA,[Other],S1,1-Jan,31-Dec,128,111,239,1-Dec-17,,11763
CANADA,Banff,S1,1-Jan,31-Dec,295,87,382,1-Dec-17,,11118
CANADA,Calgary,S1,1-Jan,31-Dec,252,125,377,1-Dec-17,,10118
CANADA,Dartmouth,S1,1-Jan,31-Dec,188,141,329,1-Dec-17,,10827
CANADA,Edmonton,S1,1-Jan,31-Dec,178,75,253,1-Dec-17,,10492
CANADA,"Fort McMurray, Alberta",S1,1-Jan,31-Dec,210,92,302,1-Jan-08,,13823
CANADA,Fredericton,S1,1-Jan,31-Dec,180,122,302,1-Dec-17,,12195
CANADA,"Gander, Newfoundland",S1,1-Jan,31-Dec,162,114,276,1-Dec-17,,12294
CANADA,Goose Bay,S1,1-Jan,31-Dec,167,114,281,1-Dec-17,,91127
CANADA,Halifax,S1,1-Jan,31-Dec,188,141,329,1-Dec-17,,10119
CANADA,Kelowna,S1,1-Jan,31-Dec,192,131,323,1-Dec-17,,91128
CANADA,"London, Ontario",S1,1-Jan,31-Dec,115,94,209,1-Aug-10,,10829
CANADA,Mississauga,S1,1-Jan,31-Dec,100,68,168,1-Dec-17,,11119
CANADA,Moncton,S1,1-Jan,31-Dec,153,116,269,1-Dec-17,,12194
CANADA,Montreal,S1,1-Jan,31-Dec,181,114,295,1-Dec-17,4,10120
CANADA,Nanoose Bay,S1,1-Jan,31-Dec,106,97,203,1-Dec-17,,13883
CANADA,Northwest Territories,S1,1-Jan,31-Dec,114,65,179,1-Dec-17,,11711
CANADA,Ottawa,S1,1-Jan,31-Dec,210,116,326,1-Dec-17,,10117
CANADA,Prince Edward Island,S1,1-Jan,31-Dec,197,122,319,1-Dec-17,,11121
CANADA,Quebec,S1,1-Jan,31-Dec,235,132,367,1-Dec-17,,10121
CANADA,"Regina, Saskatchewan",S1,1-Jan,31-Dec,192,91,283,1-Jan-08,,13822
CANADA,Richmond,S1,1-Jan,31-Dec,214,126,340,1-Dec-17,,11122
CANADA,"Saskatoon, Saskatchewan",S1,1-Jan,31-Dec,188,90,278,1-Jan-08,,12734
CANADA,Sidney,S1,1-Jan,31-Dec,145,106,251,1-Dec-17,,11124
CANADA,"St. John's, Newfoundland",S1,1-Jan,31-Dec,181,140,321,1-Dec-17,,11123
CANADA,Toronto,S1,1-May,31-Oct,223,118,341,1-Apr-18,5,10122
CANADA,Toronto,S2,1-Nov,30-Apr,162,112,274,1-Apr-18,5,10122
CANADA,Vancouver,S1,15-May,15-Sep,324,145,469,1-Dec-17,,10123
CANADA,Vancouver,S2,16-Sep,14-May,185,131,316,1-Dec-17,,10123
CANADA,Victoria,S1,15-May,1-Oct,225,129,354,1-Dec-17,,10832
CANADA,Victoria,S2,2-Oct,14-May,166,123,289,1-Dec-17,,10832
CANADA,"Whitehorse, Yukon",S1,1-Jan,31-Dec,222,100,322,1-Dec-17,,91129
CANADA,Winnipeg,S1,1-Jan,31-Dec,191,144,335,1-Dec-17,,10124
CANADA,Yellowknife,S1,1-Jan,31-Dec,138,101,239,1-Dec-17,,91130
CAYMAN ISLANDS,Cayman Islands,S1,17-Jul,14-Dec,307,119,426,1-Dec-15,,19016
CAYMAN ISLANDS,Cayman Islands,S2,15-Dec,16-Jul,588,147,735,1-Dec-15,,19016
CENTRAL AFRICAN REPUBLIC,[Other],S1,1-Jan,31-Dec,216,111,327,1-Mar-15,2,11827
CENTRAL AFRICAN REPUBLIC,Bangui,S1,1-Jan,31-Dec,216,111,327,1-Mar-15,2,10382
CHAD,[Other],S1,1-Jan,31-Dec,173,100,273,1-Oct-14,2,11828
CHAD,Ndjamena,S1,1-Jan,31-Dec,241,119,360,1-Mar-18,,10383
CHAGOS ARCHIPELAGO,Diego Garcia,S1,1-Jan,31-Dec,90,67,157,1-Nov-17,,11057
CHILE,[Other],S1,1-Jan,31-Dec,182,89,271,1-Jul-13,,11893
CHILE,Santiago,S1,1-Jan,31-Dec,190,116,306,1-Sep-15,,10035
CHINA,[Other],S1,1-Jan,31-Dec,147,115,262,1-Mar-18,,11791
CHINA,Beijing,S1,1-Jan,31-Dec,258,119,377,1-Mar-12,,10254
CHINA,Changchun,S1,1-Jan,31-Dec,167,100,267,1-Apr-13,,13481
CHINA,Chengdu,S1,1-Jan,31-Dec,149,86,235,1-Mar-18,,10258
CHINA,Chongqing,S1,1-Jan,31-Dec,114,126,240,1-Jan-18,,11127
CHINA,Dalian,S1,1-Jan,31-Dec,166,108,274,1-Apr-13,,11128
CHINA,Fuzhou,S1,1-Jan,31-Dec,176,122,298,1-Jan-14,,12239
CHINA,Guangzhou,S1,1-Jan,31-Dec,246,169,415,1-Mar-18,,10255
CHINA,Guilin,S1,1-Jan,31-Dec,168,100,268,1-Aug-12,,12911
CHINA,Haikou,S1,1-Jan,31-Dec,183,118,301,1-Mar-18,,12242
CHINA,Hangzhou,S1,1-Jan,31-Dec,169,124,293,1-Aug-15,,11129
CHINA,Harbin,S1,1-Jan,31-Dec,187,101,288,1-Apr-13,,12514
CHINA,Jinan,S1,1-Jan,31-Dec,121,85,206,1-Mar-18,,15031
CHINA,Lhasa,S1,1-Jan,31-Dec,210,111,321,1-Jan-18,,11998
CHINA,Lijiang,S1,1-Jan,31-Dec,153,133,286,1-Jul-15,,13361
CHINA,Nanjing,S1,1-Jan,31-Dec,141,79,220,1-Mar-18,,11130
CHINA,Nanning,S1,1-Jan,31-Dec,131,119,250,1-Nov-11,,12241
CHINA,Ningbo,S1,1-Jan,31-Dec,140,101,241,1-Mar-18,,13594
CHINA,Qingdao,S1,1-Jan,31-Dec,157,88,245,1-May-11,,12504
CHINA,Sanya,S1,1-Jan,31-Dec,179,93,272,1-Mar-18,,13406
CHINA,Shanghai,S1,1-Jan,31-Dec,259,143,402,1-Aug-15,,10256
CHINA,Shantou,S1,1-Jan,31-Dec,141,86,227,1-Apr-11,,11131
CHINA,Shenyang,S1,1-Jan,31-Dec,193,107,300,1-May-13,,10257
CHINA,Shenzhen,S1,1-Jan,31-Dec,264,135,399,1-Nov-11,,11132
CHINA,Suzhou,S1,1-Jan,31-Dec,154,111,265,1-Mar-18,,13475
CHINA,Tianjin,S1,1-Jan,31-Dec,141,102,243,1-May-12,,11133
CHINA,Urumqi,S1,1-Jan,31-Dec,146,79,225,1-Mar-18,,12560
CHINA,Wuhan,S1,1-Jan,31-Dec,147,115,262,1-Mar-18,,12509
CHINA,Xiamen,S1,1-Jan,31-Dec,175,113,288,1-Apr-18,,12243
CHINA,Xian,S1,1-Jan,31-Dec,140,109,249,1-Mar-18,,11134
CHINA,Zhuhai,S1,1-Jan,31-Dec,155,106,261,1-Mar-18,,12240
COCOS (KEELING) ISLANDS,Cocos Islands,S1,1-Jan,31-Dec,58,50,108,1-Mar-98,,11135
COLOMBIA,[Other],S1,1-Jan,31-Dec,161,89,250,1-Dec-10,2,11744
COLOMBIA,Barranquilla,S1,1-Jan,31-Dec,139,85,224,1-Dec-10,,10041
COLOMBIA,Bogota,S1,1-Jan,31-Dec,277,105,382,1-Dec-10,,10040
COLOMBIA,Buenaventura,S1,1-Jan,31-Dec,135,84,219,1-Dec-10,2,12484
COLOMBIA,Cali,S1,1-Jan,31-Dec,164,85,249,1-Dec-10,,10042
COLOMBIA,Cartagena,S1,1-Jan,31-Dec,304,107,411,1-Dec-10,,11136
COLOMBIA,Medellin,S1,1-Jan,31-Dec,166,96,262,1-Dec-10,,12415
COLOMBIA,San Andres,S1,1-Jan,31-Dec,161,89,250,1-Dec-10,,11999
COLOMBIA,Santa Marta,S1,1-Jan,31-Dec,164,85,249,1-Dec-10,,12648
COMOROS,[Other],S1,1-Jan,31-Dec,72,71,143,1-Aug-15,,11829
COMOROS,Moroni,S1,1-Jan,31-Dec,116,75,191,1-Jan-16,,10384
COOK ISLANDS,[Other],S1,1-Jan,31-Dec,222,109,331,1-Feb-18,,11917
COOK ISLANDS,Rarotonga,S1,1-Jan,31-Dec,222,109,331,1-Feb-18,,11044
COSTA RICA,[Other],S1,1-Jan,31-Dec,147,109,256,1-Jan-14,,11745
COSTA RICA,San Jose,S1,1-Jan,31-Dec,147,109,256,1-Jan-14,,10044
COTE D'IVOIRE,[Other],S1,1-Jan,31-Dec,80,76,156,1-Apr-12,,11839
COTE D'IVOIRE,Abidjan,S1,1-Jan,31-Dec,248,123,371,1-Mar-18,,10724
COTE D'IVOIRE,Yamoussoukro,S1,1-Jan,31-Dec,86,81,167,1-Mar-18,,11489
CROATIA,[Other],S1,1-Jan,31-Dec,176,84,260,1-Nov-16,,11912
CROATIA,Cavtat,S1,13-May,15-Oct,319,124,443,1-Nov-16,,13394
CROATIA,Cavtat,S2,16-Oct,12-May,210,113,323,1-Nov-16,,13394
CROATIA,Dubrovnik,S1,13-May,15-Oct,319,124,443,1-Nov-16,,12718
CROATIA,Dubrovnik,S2,16-Oct,12-May,210,113,323,1-Nov-16,,12718
CROATIA,Split,S1,1-May,15-Oct,251,121,372,1-Nov-16,,12719
CROATIA,Split,S2,16-Oct,30-Apr,231,119,350,1-Nov-16,,12719
CROATIA,Zagreb,S1,1-Jan,31-Dec,176,84,260,1-Nov-16,,10838
CUBA,[Other],S1,1-Jan,31-Dec,100,49,149,1-Feb-17,,11746
CUBA,Camaguey,S1,1-Jan,31-Dec,180,64,244,1-Feb-17,,19973
CUBA,Guantanamo Bay,S1,1-Jan,31-Dec,75,37,112,1-Nov-15,,10441
CUBA,Havana,S1,1-Jan,31-Dec,205,111,316,1-Dec-15,,10047
CUBA,Holguin,S1,1-Jan,31-Dec,100,49,149,1-Feb-17,,19975
CUBA,Matanzas,S1,1-Jan,31-Dec,110,47,157,1-Feb-17,,19970
CUBA,Santiago,S1,1-Jan,31-Dec,130,60,190,1-Feb-17,,13872
CUBA,Trinidad,S1,1-Jan,31-Dec,128,63,191,1-Feb-17,,19972
CYPRUS,[Other],S1,1-Jan,31-Dec,160,107,267,1-Apr-18,,11764
CYPRUS,Akrotiri,S1,1-Jan,31-Dec,210,134,344,1-Apr-18,,13359
CYPRUS,Limassol,S1,1-Jan,31-Dec,210,134,344,1-Apr-18,,11139
CYPRUS,Nicosia,S1,1-Jan,31-Dec,188,125,313,1-Apr-18,,10126
CYPRUS,Paphos,S1,1-Jan,31-Dec,181,135,316,1-Mar-18,,13518
Czech Republic,[Other],S1,1-Jan,31-Dec,136,82,218,1-Mar-08,,11913
Czech Republic,Brno,S1,1-Jan,31-Dec,185,93,278,1-Mar-08,,13581
Czech Republic,Prague,S1,1-Jan,31-Dec,280,136,416,1-May-08,,10839
DEMOCRATIC REPUBLIC OF THE CONGO,[Other],S1,1-Jan,31-Dec,130,101,231,1-Jan-17,2,11888
DEMOCRATIC REPUBLIC OF THE CONGO,Bukavu,S1,1-Jan,31-Dec,165,114,279,1-Jan-17,,10427
DEMOCRATIC REPUBLIC OF THE CONGO,Goma,S1,1-Jan,31-Dec,134,106,240,1-Jan-17,,11500
DEMOCRATIC REPUBLIC OF THE CONGO,Kinshasa,S1,1-Jan,31-Dec,253,141,394,1-Oct-16,,10424
DEMOCRATIC REPUBLIC OF THE CONGO,Lubumbashi,S1,1-Jan,31-Dec,197,126,323,1-Jan-17,,10425
DEMOCRATIC REPUBLIC OF THE CONGO,"Mbuji Mayi, Kasai",S1,1-Jan,31-Dec,120,109,229,1-Jan-17,,12341
DENMARK,[Other],S1,1-Jan,31-Dec,233,118,351,1-Apr-18,,11765
DENMARK,Aalborg,S1,1-Jan,31-Dec,221,123,344,1-Apr-18,,12505
DENMARK,Copenhagen,S1,1-Jan,31-Dec,256,165,421,1-Apr-18,,10129
DENMARK,Lyngby,S1,1-Jan,31-Dec,256,165,421,1-Apr-18,,13841
DENMARK,Odense,S1,1-Jan,31-Dec,229,131,360,1-Apr-18,,12507
DJIBOUTI,[Other],S1,1-Jan,31-Dec,85,69,154,1-Feb-11,,11821
DJIBOUTI,Djibouti City,S1,1-Jan,31-Dec,249,132,381,1-Dec-17,,11078
DOMINICA,Dominica,S1,1-Jan,31-Dec,161,83,244,1-May-16,,11140
DOMINICAN REPUBLIC,[Other],S1,1-Jan,31-Dec,180,60,240,1-Jun-16,,11747
DOMINICAN REPUBLIC,Bavaro,S1,1-Jan,31-Dec,225,63,288,1-Jun-16,,12936
DOMINICAN REPUBLIC,La Romana,S1,1-Jan,31-Dec,280,83,363,1-Jun-16,,11141
DOMINICAN REPUBLIC,Puerto Plata,S1,1-Jan,31-Dec,200,46,246,1-Jun-16,,11142
DOMINICAN REPUBLIC,Punta Cana,S1,1-Jan,31-Dec,217,65,282,1-Jun-16,,12933
DOMINICAN REPUBLIC,Santo Domingo,S1,1-Jan,31-Dec,200,100,300,1-Jun-17,,10054
DOMINICAN REPUBLIC,Sosua,S1,1-Jan,31-Dec,150,63,213,1-Jun-16,,11143
ECUADOR,[Other],S1,1-Jan,31-Dec,106,98,204,1-Jan-18,,11910
ECUADOR,Cuenca,S1,1-Jan,31-Dec,106,98,204,1-Jan-18,,12132
ECUADOR,Galapagos Islands,S1,1-Jan,31-Dec,284,131,415,1-Apr-15,,13928
ECUADOR,Guayaquil,S1,1-Jan,31-Dec,140,101,241,1-Jan-18,,10057
ECUADOR,Manta,S1,1-Jan,31-Dec,108,71,179,1-Feb-11,,12002
ECUADOR,Quito,S1,1-Jan,31-Dec,190,107,297,1-Mar-15,,10056
EGYPT,[Other],S1,1-Jan,31-Dec,130,56,186,1-Nov-11,2,11809
EGYPT,Alexandria,S1,1-Jan,31-Dec,160,70,230,1-Jan-17,2,10329
EGYPT,Aswan,S1,1-Jan,31-Dec,135,92,227,1-Mar-13,2,11145
EGYPT,Cairo,S1,1-Jan,31-Dec,175,98,273,1-Mar-17,2,10328
EGYPT,Luxor,S1,1-Jan,31-Dec,150,79,229,1-Jan-17,2,11389
EGYPT,Sharm el Sheikh,S1,1-Jan,31-Dec,140,87,227,1-May-08,2,11395
EL SALVADOR,[Other],S1,1-Jan,31-Dec,62,48,110,1-Jul-16,,11748
EL SALVADOR,San Salvador,S1,1-Jan,31-Dec,128,93,221,1-Feb-08,25,10058
EQUATORIAL GUINEA,[Other],S1,1-Jan,31-Dec,185,114,299,1-Mar-18,,11832
EQUATORIAL GUINEA,Bata,S1,1-Jan,31-Dec,110,61,171,1-Aug-17,,91132
EQUATORIAL GUINEA,Malabo,S1,1-Jan,31-Dec,185,114,299,1-Mar-18,,10387
ERITREA,[Other],S1,1-Jan,31-Dec,60,85,145,1-Jul-15,,11901
ERITREA,Asmara,S1,1-Jan,31-Dec,135,108,243,1-Feb-15,,10726
ERITREA,Keren,S1,1-Jan,31-Dec,60,85,145,1-Jul-15,,20010
ERITREA,Massawa,S1,1-Jan,31-Dec,90,83,173,1-Mar-15,,20001
ESTONIA,[Other],S1,1-Jan,31-Dec,119,92,211,1-Mar-18,,11856
ESTONIA,Tallinn,S1,1-Jan,31-Dec,146,122,268,1-Mar-18,,10130
ETHIOPIA,[Other],S1,1-Jan,31-Dec,96,61,157,1-May-15,,11833
ETHIOPIA,Addis Ababa,S1,1-Jan,31-Dec,315,85,400,1-Sep-12,,10388
Falkland Islands (Islas Malvinas),Falkland Islands,S1,1-Jan,31-Dec,107,78,185,1-Mar-18,,11161
FAROE ISLANDS,Faroe Islands,S1,1-Jan,31-Dec,250,105,355,1-Apr-18,,11162
FIJI,[Other],S1,1-Jan,31-Dec,203,102,305,1-Mar-18,,11792
FIJI,Korolevu,S1,1-Jan,31-Dec,70,79,149,1-Aug-16,,12262
FIJI,Nadi,S1,1-Jan,31-Dec,187,100,287,1-Aug-16,,11163
FIJI,Natadola,S1,1-Jan,31-Dec,424,149,573,1-May-16,,19991
FIJI,Sigatoka,S1,1-Jan,31-Dec,145,84,229,1-Aug-16,,11164
FIJI,Suva,S1,1-Jan,31-Dec,203,102,305,1-Mar-18,,10259
FINLAND,[Other],S1,1-Jan,31-Dec,177,105,282,1-Mar-18,,11766
FINLAND,Helsinki,S1,1-Jan,31-Dec,222,127,349,1-Mar-18,,10131
FRANCE,[Other],S1,1-Jan,31-Dec,231,139,370,1-Mar-18,,11855
FRANCE,Bordeaux,S1,1-Jan,31-Dec,225,141,366,1-Mar-18,,10138
FRANCE,Cannes,S1,1-May,30-Sep,518,175,693,1-Mar-18,,11166
FRANCE,Cannes,S2,1-Oct,30-Apr,364,160,524,1-Mar-18,,11166
FRANCE,Deauville,S1,1-Jan,31-Dec,357,135,492,1-Mar-18,,12087
FRANCE,Lyon,S1,1-Jan,31-Dec,238,135,373,1-Mar-18,,10139
FRANCE,Marseille,S1,1-Jan,31-Dec,261,137,398,1-Mar-18,,10140
FRANCE,Montpellier,S1,1-Jan,31-Dec,221,174,395,1-Mar-18,,10843
FRANCE,Nice,S1,1-Jan,31-Dec,236,148,384,1-Mar-18,,11412
FRANCE,Paris,S1,1-Jan,31-Dec,441,190,631,1-Mar-18,6,10137
FRANCE,Strasbourg,S1,1-Jan,31-Dec,261,147,408,1-Mar-18,,10142
FRANCE,Toulouse,S1,1-Jan,31-Dec,248,138,386,1-Mar-18,,11413
FRENCH GUIANA,French Guiana,S1,1-Jan,31-Dec,189,98,287,1-Mar-18,,11173
FRENCH POLYNESIA,French Polynesia,S1,1-Jan,31-Dec,266,155,421,1-Nov-07,,11174
GABON,[Other],S1,1-Jan,31-Dec,184,133,317,1-Feb-11,,11834
GABON,Libreville,S1,1-Jan,31-Dec,192,115,307,1-Mar-18,,10389
"Gambia, The",[Other],S1,1-Jan,31-Dec,35,32,67,1-Apr-06,,11835
"Gambia, The",Banjul,S1,1-Jan,31-Dec,138,81,219,1-May-16,,10390
GEORGIA,[Other],S1,1-Jan,31-Dec,72,63,135,1-Oct-07,,11767
GEORGIA,Ajara Region,S1,1-Jan,31-Dec,195,95,290,1-Dec-13,,13416
GEORGIA,Borjomi,S1,1-Jan,31-Dec,91,71,162,1-Nov-07,,13420
GEORGIA,Gudauri,S1,1-Apr,30-Nov,104,71,175,1-Oct-07,,13414
GEORGIA,Gudauri,S2,1-Dec,31-Mar,162,77,239,1-Oct-07,,13414
GEORGIA,Kutaisi,S1,1-Jan,31-Dec,85,76,161,1-Dec-13,,13417
GEORGIA,Tbilisi,S1,1-Jan,31-Dec,236,105,341,1-Dec-13,,10143
GERMANY,[Other],S1,1-Jan,31-Dec,228,132,360,1-Apr-18,,11857
GERMANY,Berlin,S1,1-Jan,31-Dec,247,120,367,1-Apr-18,,10145
GERMANY,Boeblingen,S1,1-Jan,31-Dec,239,115,354,1-Mar-18,,10898
GERMANY,Bonames,S1,1-Jan,31-Dec,272,142,414,1-Mar-18,,11182
GERMANY,Bonn,S1,1-Jan,31-Dec,228,132,360,1-Apr-18,,10144
GERMANY,Bremen,S1,1-Jan,31-Dec,241,138,379,1-Apr-18,,10856
GERMANY,Cologne,S1,1-Jan,31-Dec,241,132,373,1-Mar-18,,10152
GERMANY,Dresden,S1,1-Jan,31-Dec,227,115,342,1-Mar-18,,11186
GERMANY,Duesseldorf,S1,1-Jan,31-Dec,259,140,399,1-Apr-18,,10146
GERMANY,Echterdingen,S1,1-Jan,31-Dec,239,115,354,1-Mar-18,,11187
GERMANY,Erfurt,S1,1-Jan,31-Dec,216,131,347,1-Mar-18,,11188
GERMANY,Eschborn,S1,1-Jan,31-Dec,272,142,414,1-Mar-18,,11189
GERMANY,Esslingen,S1,1-Jan,31-Dec,239,115,354,1-Mar-18,,11415
GERMANY,Frankfurt am Main,S1,1-Jan,31-Dec,272,142,414,1-Mar-18,,10147
GERMANY,Garmisch-Partenkirchen,S1,1-Jan,31-Dec,222,139,361,1-Mar-18,,10867
GERMANY,Hamburg,S1,1-Jan,31-Dec,247,117,364,1-Apr-18,,10148
GERMANY,Hannover,S1,1-Jan,31-Dec,178,108,286,1-Mar-18,,10151
GERMANY,Heidelberg,S1,1-Jan,31-Dec,216,131,347,1-Mar-18,,10153
GERMANY,Herongen,S1,1-Jan,31-Dec,259,140,399,1-Apr-18,,10862
GERMANY,Hoechst,S1,1-Jan,31-Dec,272,142,414,1-Mar-18,,11423
GERMANY,Kalkar,S1,1-Jan,31-Dec,259,140,399,1-Apr-18,,10863
GERMANY,Koenigswinter,S1,1-Jan,31-Dec,228,132,360,1-Apr-18,,11427
GERMANY,Kornwestheim,S1,1-Jan,31-Dec,239,115,354,1-Mar-18,,11429
GERMANY,Leipzig,S1,1-Jan,31-Dec,222,127,349,1-Apr-18,,10623
GERMANY,Ludwigsburg,S1,1-Jan,31-Dec,239,115,354,1-Mar-18,,10899
GERMANY,Mainz,S1,1-Jan,31-Dec,222,127,349,1-Mar-18,,10901
GERMANY,Moenchen-Gladbach,S1,1-Jan,31-Dec,259,140,399,1-Apr-18,,10861
GERMANY,Munich,S1,1-Jan,31-Dec,253,106,359,1-Mar-18,,10149
GERMANY,Nellingen,S1,1-Jan,31-Dec,239,115,354,1-Mar-18,,10900
GERMANY,Oberammergau,S1,1-Jan,31-Dec,222,139,361,1-Mar-18,,10523
GERMANY,Offenbach,S1,1-Jan,31-Dec,272,142,414,1-Mar-18,,11434
GERMANY,Roedelheim,S1,1-Jan,31-Dec,272,142,414,1-Mar-18,,11439
GERMANY,Sindelfingen,S1,1-Jan,31-Dec,239,115,354,1-Mar-18,,11447
GERMANY,Stuttgart,S1,1-Jan,31-Dec,239,115,354,1-Mar-18,,10150
GERMANY,Tuebingen,S1,1-Jan,31-Dec,239,115,354,1-Mar-18,,11451
GERMANY,Twisteden,S1,1-Jan,31-Dec,259,140,399,1-Apr-18,,10864
GERMANY,Wiesbaden,S1,1-Jan,31-Dec,214,116,330,1-Mar-18,,10540
GHANA,[Other],S1,1-Jan,31-Dec,120,70,190,1-Nov-16,,11836
GHANA,Accra,S1,1-Jan,31-Dec,232,99,331,1-Jan-13,,10391
GHANA,Takoradi,S1,1-Jan,31-Dec,200,82,282,1-May-14,,19006
GIBRALTAR,Gibraltar,S1,1-Jan,31-Dec,85,58,143,1-Mar-18,,11225
GREECE,[Other],S1,1-Jan,31-Dec,171,90,261,1-Mar-18,,11894
GREECE,Athens,S1,1-Jan,31-Dec,200,131,331,1-Mar-18,,10133
GREECE,Iraklion (Crete),S1,1-Jan,31-Dec,171,90,261,1-Mar-18,,10916
GREENLAND,[Other],S1,1-Jan,31-Dec,196,105,301,1-Apr-18,,13409
GREENLAND,Ilulissat,S1,1-Jan,31-Dec,250,133,383,1-Apr-18,,13650
GREENLAND,Kangerlussuaq,S1,1-Jan,31-Dec,216,119,335,1-Apr-18,,13602
GREENLAND,Nuuk,S1,1-Jan,31-Dec,282,127,409,1-Apr-18,,11058
GREENLAND,Thule,S1,1-Jan,31-Dec,210,68,278,1-Sep-07,,13408
GRENADA,Grenada,S1,17-Apr,19-Dec,163,114,277,1-Feb-15,,11059
GRENADA,Grenada,S2,20-Dec,16-Apr,228,121,349,1-Feb-15,,11059
GUADELOUPE,[Other],S1,1-Jan,31-Dec,77,80,157,1-Oct-93,8,11939
GUADELOUPE,Saint Martin (French Part),S1,1-May,14-Dec,110,66,176,1-May-08,8,11226
GUADELOUPE,Saint Martin (French Part),S2,15-Dec,30-Apr,175,73,248,1-May-08,8,11226
GUATEMALA,[Other],S1,1-Jan,31-Dec,106,76,182,1-Jul-07,,11858
GUATEMALA,Guatemala City,S1,1-Jan,31-Dec,144,96,240,1-May-16,,10062
GUINEA,[Other],S1,1-Jan,31-Dec,57,48,105,1-Dec-96,,11838
GUINEA,Conakry,S1,1-Jan,31-Dec,224,103,327,1-Oct-13,,10393
GUINEA-BISSAU,[Other],S1,1-Jan,31-Dec,73,44,117,1-Apr-14,,11837
GUINEA-BISSAU,Bissau,S1,1-Jan,31-Dec,160,78,238,1-Apr-14,,10394
GUYANA,[Other],S1,1-Jan,31-Dec,176,107,283,1-Sep-16,,11741
GUYANA,Georgetown,S1,1-Jan,31-Dec,176,107,283,1-Sep-16,,10051
HAITI,[Other],S1,1-Jan,31-Dec,140,40,180,1-May-13,2,11750
HAITI,Cap Haitien,S1,1-Jan,31-Dec,150,91,241,1-May-13,2,12688
HAITI,Jacmel,S1,1-Jan,31-Dec,98,75,173,1-May-13,2,12692
HAITI,Montrouis,S1,1-Jan,31-Dec,133,106,239,1-Feb-11,2,12694
HAITI,Petionville,S1,1-Jan,31-Dec,155,111,266,1-Feb-13,2,11018
HAITI,Port-au-Prince,S1,1-Jan,31-Dec,155,111,266,1-Feb-13,2,10064
HOLY SEE,Holy See,S1,1-Jan,31-Dec,400,148,548,1-Mar-18,,11060
HONDURAS,[Other],S1,1-Jan,31-Dec,130,80,210,1-Jan-16,,11859
HONDURAS,Bay Islands,S1,1-Jan,31-Dec,259,52,311,1-Jan-16,,11227
HONDURAS,La Ceiba,S1,1-Jan,31-Dec,138,85,223,1-Jan-16,,11228
HONDURAS,San Pedro Sula,S1,1-Jan,31-Dec,187,98,285,1-Jan-16,,10066
HONDURAS,Tegucigalpa,S1,1-Jan,31-Dec,187,97,284,1-Jan-16,,10065
HONDURAS,Tela,S1,1-Jan,31-Dec,125,86,211,1-Jan-16,,11231
HONG KONG,Hong Kong,S1,1-Jan,31-Dec,355,180,535,1-Mar-15,,10261
HUNGARY,[Other],S1,1-Jan,31-Dec,90,62,152,1-Feb-18,,11768
HUNGARY,Budapest,S1,1-Jan,31-Dec,190,103,293,1-Jan-17,,10158
HUNGARY,Papa,S1,1-Jan,31-Dec,90,62,152,1-Feb-18,,13846
ICELAND,[Other],S1,1-Jan,31-Dec,142,134,276,1-Mar-18,,11860
ICELAND,Akureyri,S1,1-Jan,31-Dec,143,134,277,1-Mar-18,,13942
ICELAND,Egilsstadir,S1,1-Jan,31-Dec,220,143,363,1-Mar-18,,13944
ICELAND,Reykjavik,S1,15-May,30-Sep,308,153,461,1-Mar-18,,10160
ICELAND,Reykjavik,S2,1-Oct,14-May,230,145,375,1-Mar-18,,10160
INDIA,[Other],S1,1-Jan,31-Dec,200,91,291,1-Apr-11,,11810
INDIA,Agra,S1,1-Jan,31-Dec,181,114,295,1-Jan-15,,11232
INDIA,Bangalore,S1,1-Jan,31-Dec,364,110,474,1-Nov-06,,11233
INDIA,Chennai,S1,1-Jan,31-Dec,300,111,411,1-May-11,,10336
INDIA,Goa,S1,1-Jan,31-Dec,249,83,332,1-Mar-18,,13550
INDIA,Hyderabad,S1,1-Jan,31-Dec,235,110,345,1-Aug-11,,11235
INDIA,Kolkata,S1,1-Jan,31-Dec,281,95,376,1-Aug-17,,10335
INDIA,Mumbai,S1,1-Jan,31-Dec,389,126,515,1-Jan-08,,10334
INDIA,New Delhi,S1,1-Jan,31-Dec,291,109,400,1-Feb-11,,10333
INDIA,Pune,S1,1-Jan,31-Dec,273,72,345,1-Feb-07,,13551
INDIA,Trivandrum,S1,1-Jan,31-Dec,182,56,238,1-Jan-05,,12368
INDONESIA,[Other],S1,1-Jan,31-Dec,90,56,146,1-Oct-08,,11794
INDONESIA,Bali,S1,1-Jan,31-Dec,255,138,393,1-Apr-11,,11236
INDONESIA,Bandung,S1,1-Jan,31-Dec,218,107,325,1-Sep-13,,10753
INDONESIA,Denpasar,S1,1-Jan,31-Dec,255,138,393,1-Apr-11,,19023
INDONESIA,Jakarta,S1,1-Jan,31-Dec,258,104,362,1-Jan-12,,10262
INDONESIA,Jayapura,S1,1-Jan,31-Dec,127,40,167,1-Nov-00,,11238
INDONESIA,Medan,S1,1-Jan,31-Dec,90,56,146,1-Oct-08,,10271
INDONESIA,Surabaya,S1,1-Jan,31-Dec,191,138,329,1-Sep-15,,10272
INDONESIA,"Timika, Irian Jaya",S1,1-Jan,31-Dec,254,68,322,1-Jun-00,,12456
IRAN,[Other],S1,1-Jan,31-Dec,97,58,155,1-Sep-93,,11940
IRAN,Tehran,S1,1-Jan,31-Dec,97,58,155,1-Sep-93,,11239
IRAQ,[Other],S1,1-Jan,31-Dec,247,82,329,1-Dec-15,"53,24,2",11895
IRAQ,Baghdad,S1,1-Jan,31-Dec,0,11,11,1-Oct-04,"24,2",10344
IRAQ,Erbil,S1,1-Jan,31-Dec,211,65,276,1-Dec-11,"53,24,2",15013
IRELAND,[Other],S1,1-Jan,31-Dec,170,107,277,1-Mar-18,,11874
IRELAND,Cork,S1,1-Jan,31-Dec,177,123,300,1-Mar-18,,12449
IRELAND,Dublin,S1,1-Jan,31-Dec,253,141,394,1-Mar-18,,10162
IRELAND,Galway,S1,1-Jan,31-Dec,189,121,310,1-Mar-18,,12429
ISRAEL,[Other],S1,1-Jan,31-Dec,305,146,451,1-Mar-16,,11811
ISRAEL,Eilat,S1,1-Jan,31-Dec,370,140,510,1-Mar-16,,11240
ISRAEL,En Boqeq,S1,1-Jan,31-Dec,300,122,422,1-Mar-16,,11241
ISRAEL,Haifa,S1,1-Jan,31-Dec,290,132,422,1-Mar-16,,11397
ISRAEL,Herzliya-Pituach,S1,1-Jan,31-Dec,380,153,533,1-Feb-16,,15025
ISRAEL,Sedom,S1,1-Jan,31-Dec,300,122,422,1-Mar-16,,11398
ISRAEL,Tel Aviv,S1,1-Jan,31-Dec,420,170,590,1-Jan-18,,10345
ISRAEL,Tiberias,S1,1-Jan,31-Dec,305,146,451,1-Mar-16,,12370
ITALY,[Other],S1,1-Jan,31-Dec,215,128,343,1-Mar-18,,11769
ITALY,Aviano,S1,1-Jan,31-Dec,123,93,216,1-Mar-18,,10934
ITALY,Bari,S1,1-Jan,31-Dec,272,153,425,1-Mar-18,,11246
ITALY,Bologna,S1,1-Jan,31-Dec,305,136,441,1-Mar-18,,11456
ITALY,Bolzano,S1,1-Jan,31-Dec,154,119,273,1-Mar-18,,15041
ITALY,Capri,S1,1-Jan,31-Dec,459,185,644,1-Mar-18,,15011
ITALY,Catania,S1,1-Jan,31-Dec,290,154,444,1-Mar-18,,10928
ITALY,Como,S1,1-Jan,31-Dec,348,177,525,1-Mar-18,,13967
ITALY,Ferrara,S1,1-Jan,31-Dec,184,121,305,1-Mar-18,,11460
ITALY,Florence,S1,1-Jan,31-Dec,305,144,449,1-Mar-18,,10164
ITALY,Gaeta,S1,15-May,15-Sep,152,77,229,1-Mar-18,,10930
ITALY,Gaeta,S2,16-Sep,14-May,118,73,191,1-Mar-18,,10930
ITALY,Genoa,S1,1-Jan,31-Dec,253,129,382,1-Mar-18,,10165
ITALY,La Spezia,S1,1-Jan,31-Dec,158,114,272,1-Mar-18,,10931
ITALY,Milan,S1,1-Jan,31-Dec,335,225,560,1-Mar-18,,10166
ITALY,Modena,S1,1-Jan,31-Dec,190,100,290,1-Mar-18,,11465
ITALY,Naples,S1,1-Jan,31-Dec,199,163,362,1-Mar-18,,10167
ITALY,Palermo,S1,1-Jan,31-Dec,251,135,386,1-Mar-18,,10168
ITALY,Pisa,S1,1-Jan,31-Dec,151,101,252,1-Mar-18,,10933
ITALY,Ravenna,S1,1-Jan,31-Dec,159,114,273,1-Mar-18,,11468
ITALY,Reggio Emilia,S1,1-Jan,31-Dec,186,121,307,1-Mar-18,,11470
ITALY,Rimini,S1,1-Jan,31-Dec,197,129,326,1-Mar-18,,10935
ITALY,Rome,S1,1-Jan,31-Dec,400,148,548,1-Mar-18,,10163
ITALY,Siena,S1,1-Jan,31-Dec,290,126,416,1-Mar-18,,11471
ITALY,Taormina,S1,1-Jan,31-Dec,290,154,444,1-Mar-18,,11473
ITALY,Treviso,S1,1-Jan,31-Dec,203,120,323,1-Mar-18,,13847
ITALY,Trieste,S1,1-Jan,31-Dec,241,118,359,1-Mar-18,,12157
ITALY,Turin,S1,1-Jan,31-Dec,316,153,469,1-Mar-18,,10170
ITALY,Venice,S1,1-Jan,31-Dec,405,160,565,1-Mar-18,,11479
ITALY,Verona,S1,1-Jan,31-Dec,202,97,299,1-Mar-18,,10936
ITALY,Vicenza,S1,1-Jan,31-Dec,165,97,262,1-Mar-18,,10937
JAMAICA,[Other],S1,1-Jan,31-Dec,211,101,312,1-Mar-15,,11861
JAMAICA,Kingston,S1,1-Jan,31-Dec,211,101,312,1-Mar-15,,10068
JAMAICA,Montego Bay,S1,2-Sep,30-Nov,209,86,295,1-Mar-15,,13870
JAMAICA,Montego Bay,S2,1-Dec,1-Sep,316,96,412,1-Mar-15,,13870
JAPAN,[Other],S1,1-Jan,31-Dec,159,98,257,1-Apr-18,,11795
JAPAN,Akashi,S1,1-Jan,31-Dec,296,158,454,1-Apr-18,,11268
JAPAN,Akita,S1,1-Jan,31-Dec,115,107,222,1-Apr-18,,11269
JAPAN,Amagasaki,S1,1-Jan,31-Dec,296,158,454,1-Apr-18,,11270
JAPAN,Aomori,S1,1-Jan,31-Dec,104,108,212,1-Apr-18,,11276
JAPAN,Asahikawa,S1,1-Jan,31-Dec,111,91,202,1-Apr-18,,11326
JAPAN,Ashiya,S1,1-Jan,31-Dec,166,166,332,1-Apr-18,,11327
JAPAN,Awashima,S1,1-Jan,31-Dec,310,215,525,1-Apr-18,36,11328
JAPAN,Beppu,S1,1-Jan,31-Dec,190,114,304,1-Apr-18,,11329
JAPAN,Chitose,S1,1-Jan,31-Dec,107,85,192,1-Apr-18,,10771
JAPAN,Fukui,S1,1-Jan,31-Dec,91,77,168,1-Apr-18,,11331
JAPAN,Fukuoka,S1,1-Jan,31-Dec,200,181,381,1-Apr-18,,10274
JAPAN,Fukuyama,S1,1-Jan,31-Dec,91,85,176,1-Apr-18,,11334
JAPAN,Gifu,S1,1-Jan,31-Dec,181,125,306,1-Apr-18,,11335
JAPAN,Hamamatsu,S1,1-Jan,31-Dec,160,92,252,1-Apr-18,,12634
JAPAN,Hiroshima,S1,1-Jan,31-Dec,141,111,252,1-Apr-18,,11337
JAPAN,Itazuke,S1,1-Jan,31-Dec,200,181,381,1-Apr-18,,11338
JAPAN,Izumisano,S1,1-Jan,31-Dec,202,96,298,1-Apr-18,,12488
JAPAN,Kagoshima,S1,1-Jan,31-Dec,167,94,261,1-Apr-18,,11340
JAPAN,Kanazawa,S1,1-Jan,31-Dec,107,100,207,1-Apr-18,,11341
JAPAN,Kitakyushu,S1,1-Jan,31-Dec,178,120,298,1-Apr-18,,11342
JAPAN,Kochi,S1,1-Jan,31-Dec,134,84,218,1-Apr-18,,11343
JAPAN,Komaki,S1,1-Jan,31-Dec,134,121,255,1-Apr-18,,11344
JAPAN,Kumamoto,S1,1-Jan,31-Dec,206,106,312,1-Apr-18,,11345
JAPAN,Kurashiki,S1,1-Jan,31-Dec,235,174,409,1-Apr-18,,12160
JAPAN,Kure,S1,1-Jan,31-Dec,123,123,246,1-Apr-18,,11346
JAPAN,Kushiro,S1,1-Jan,31-Dec,87,91,178,1-Apr-18,,12284
JAPAN,Kyoto,S1,1-Jan,31-Dec,346,159,505,1-Apr-18,,10280
JAPAN,Matsue,S1,1-Jan,31-Dec,91,82,173,1-Apr-18,,11347
JAPAN,Matsuyama,S1,1-Jan,31-Dec,131,121,252,1-Apr-18,,11348
JAPAN,Miyazaki City,S1,1-Jan,31-Dec,275,132,407,1-Apr-18,,11350
JAPAN,Morioka,S1,1-Jan,31-Dec,121,87,208,1-Apr-18,,11351
JAPAN,Nagasaki,S1,1-Jan,31-Dec,235,136,371,1-Apr-18,,11352
JAPAN,Nagoya,S1,1-Jan,31-Dec,320,130,450,1-Apr-18,,10276
JAPAN,Nara,S1,1-Jan,31-Dec,117,101,218,1-Apr-18,,11354
JAPAN,Narita,S1,1-Jan,31-Dec,196,95,291,1-Apr-18,,11355
JAPAN,Niigata,S1,1-Jan,31-Dec,85,104,189,1-Apr-18,,11356
JAPAN,Nishinomiya,S1,1-Jan,31-Dec,166,166,332,1-Apr-18,,11357
JAPAN,Obihiro,S1,1-Jan,31-Dec,133,89,222,1-Apr-18,,11361
JAPAN,Oita,S1,1-Jan,31-Dec,123,109,232,1-Apr-18,,11364
JAPAN,Okayama,S1,1-Jan,31-Dec,158,130,288,1-Apr-18,,11365
JAPAN,Okinawa Prefecture,S1,1-May,14-Sep,340,123,463,1-Apr-18,,10278
JAPAN,Okinawa Prefecture,S2,15-Sep,30-Apr,175,107,282,1-Apr-18,,10278
JAPAN,Osaka-Kobe,S1,1-Jan,31-Dec,296,158,454,1-Apr-18,,10275
JAPAN,Otsu,S1,1-Jan,31-Dec,136,130,266,1-Apr-18,,11366
JAPAN,Oyama,S1,1-Jan,31-Dec,93,94,187,1-Apr-18,,11367
JAPAN,Sapporo,S1,15-Mar,30-Apr,172,109,281,1-Apr-18,,10277
JAPAN,Sapporo,S2,1-May,31-Oct,203,112,315,1-Apr-18,,10277
JAPAN,Sapporo,S3,1-Nov,30-Nov,172,109,281,1-Apr-18,,10277
JAPAN,Sapporo,S4,1-Dec,14-Mar,203,112,315,1-Apr-18,,10277
JAPAN,Sasebo,S1,1-Jan,31-Dec,130,111,241,1-Apr-18,,11368
JAPAN,Sendai,S1,1-Jan,31-Dec,176,113,289,1-Apr-18,,11369
JAPAN,Shiga,S1,1-Jan,31-Dec,136,130,266,1-Apr-18,,12159
JAPAN,Takamatsu,S1,1-Jan,31-Dec,117,93,210,1-Apr-18,,11370
JAPAN,Takayama,S1,1-Jan,31-Dec,157,112,269,1-Apr-18,,11373
JAPAN,Tokushima,S1,1-Jan,31-Dec,112,95,207,1-Apr-18,,11374
JAPAN,Tokyo City,S1,1-Jan,31-Dec,286,236,522,1-Apr-18,9,10273
JAPAN,Tokyo-To,S1,1-Jan,31-Dec,162,110,272,1-Apr-18,35,11480
JAPAN,Tottori,S1,1-Jan,31-Dec,106,116,222,1-Apr-18,,11483
JAPAN,Toyama,S1,1-Jan,31-Dec,144,111,255,1-Apr-18,,11484
JAPAN,Toyonaka,S1,1-Jan,31-Dec,140,155,295,1-Apr-18,,11485
JAPAN,Tsu,S1,1-Jan,31-Dec,145,112,257,1-Apr-18,,11486
JAPAN,Wakayama,S1,1-Jan,31-Dec,145,123,268,1-Apr-18,,11487
JAPAN,Yamato,S1,1-Jan,31-Dec,144,87,231,1-Apr-18,,11488
JAPAN,Yokohama,S1,1-Jan,31-Dec,134,130,264,1-Apr-18,,10281
JAPAN,Yokota,S1,1-Jan,31-Dec,135,79,214,1-Apr-18,,12022
JAPAN,Yufuin,S1,1-Jan,31-Dec,170,107,277,1-Apr-18,,12847
JERUSALEM,Jerusalem,S1,1-Jan,31-Dec,400,140,540,1-Nov-17,,11061
JORDAN,[Other],S1,1-Jan,31-Dec,146,105,251,1-Mar-09,,11812
JORDAN,Amman,S1,1-Jan,31-Dec,249,141,390,1-May-13,,10347
JORDAN,Aqaba,S1,1-Jan,31-Dec,146,105,251,1-Mar-09,,12025
JORDAN,Dead Sea/Jordan Valley,S1,15-Mar,15-Jun,215,118,333,1-Mar-09,,13404
JORDAN,Dead Sea/Jordan Valley,S2,16-Jun,14-Mar,199,117,316,1-Mar-09,,13404
JORDAN,Petra,S1,1-Jan,31-Dec,176,125,301,1-May-13,,13917
KAZAKHSTAN,[Other],S1,1-Jan,31-Dec,138,98,236,1-Apr-09,,11771
KAZAKHSTAN,Aktau,S1,1-Jan,31-Dec,213,93,306,1-Apr-09,,19005
KAZAKHSTAN,Almaty,S1,1-Jan,31-Dec,217,99,316,1-Feb-14,,10172
KAZAKHSTAN,Astana,S1,1-Jan,31-Dec,240,133,373,1-Sep-13,,12712
KENYA,[Other],S1,1-Jan,31-Dec,115,79,194,1-Jun-08,2,11840
KENYA,Lamu,S1,16-Jan,30-Jun,221,112,333,1-Jun-08,,13387
KENYA,Lamu,S2,1-Jul,15-Jan,300,120,420,1-Jun-08,,13387
KENYA,Malindi,S1,16-Jan,30-Jun,237,86,323,1-Mar-12,2,13391
KENYA,Malindi,S2,1-Jul,15-Jan,300,93,393,1-Mar-12,2,13391
KENYA,Mara Area Region,S1,16-Jan,30-Jun,250,28,278,1-Jun-08,2,13916
KENYA,Mara Area Region,S2,1-Jul,15-Jan,300,33,333,1-Jun-08,2,13916
KENYA,Mombasa,S1,1-Jan,31-Dec,165,106,271,1-Jun-08,2,10396
KENYA,Mt. Kenya Area,S1,16-Jan,30-Jun,220,75,295,1-Jun-08,2,13392
KENYA,Mt. Kenya Area,S2,1-Jul,15-Jan,300,83,383,1-Jun-08,2,13392
KENYA,Nairobi,S1,1-Jan,31-Dec,290,120,410,1-Feb-11,16,10395
KENYA,Nanyuki,S1,1-Jan,31-Dec,38,20,58,1-Mar-12,2,11490
KENYA,Watamu,S1,1-Jan,31-Dec,219,103,322,1-Jun-08,2,13503
KIRIBATI,[Other],S1,1-Jan,31-Dec,78,46,124,1-Feb-18,,11919
KIRIBATI,Christmas Island,S1,1-Jan,31-Dec,76,64,140,1-Aug-10,,11601
KIRIBATI,Kiribati,S1,1-Jan,31-Dec,102,55,157,1-Feb-18,,11062
"Korea, South",[Other],S1,1-Jan,31-Dec,83,56,139,1-Feb-18,17,12185
"Korea, South",Busan,S1,1-Jan,31-Dec,233,151,384,1-Feb-18,17,10284
"Korea, South",Changwon,S1,1-Jan,31-Dec,132,76,208,1-Feb-18,17,10781
"Korea, South",Cheju,S1,1-Jan,31-Dec,225,111,336,1-Feb-18,17,11602
"Korea, South",Chinju,S1,1-Jan,31-Dec,95,73,168,1-Feb-18,17,12133
"Korea, South",Chongju,S1,1-Jan,31-Dec,78,58,136,1-Feb-18,17,11603
"Korea, South",Chonju,S1,1-Jan,31-Dec,165,79,244,1-Feb-18,17,12183
"Korea, South",Chung Ju,S1,1-Jan,31-Dec,94,64,158,1-Feb-18,17,12442
"Korea, South",Incheon,S1,1-Jan,31-Dec,170,103,273,1-Feb-18,17,12804
"Korea, South",Kimhae,S1,1-Jan,31-Dec,73,74,147,1-Feb-18,17,10793
"Korea, South",Kumi,S1,1-Jan,31-Dec,116,83,199,1-Feb-18,17,13517
"Korea, South",Kwangju,S1,1-Jan,31-Dec,171,149,320,1-Feb-18,17,10285
"Korea, South",Kyongju,S1,1-Jan,31-Dec,151,101,252,1-Feb-18,17,11604
"Korea, South",Masan,S1,1-Jan,31-Dec,68,82,150,1-Feb-18,17,11605
"Korea, South",Pyeongchang,S1,1-Jan,31-Dec,221,94,315,1-Feb-18,"17,38",19992
"Korea, South",Pyongtaek,S1,1-Jan,31-Dec,88,67,155,1-Feb-18,17,10792
"Korea, South",Seoul,S1,1-Jan,31-Dec,230,148,378,1-Feb-18,17,10283
"Korea, South",Sokcho,S1,1-Jan,31-Dec,125,94,219,1-Feb-18,17,12732
"Korea, South",Taegu,S1,1-Jan,31-Dec,135,139,274,1-Feb-18,17,10286
"Korea, South",Taejon,S1,1-Jan,31-Dec,128,84,212,1-Feb-18,17,11606
"Korea, South",Uijongbu,S1,1-Jan,31-Dec,83,56,139,1-Feb-18,17,10799
"Korea, South",Ulsan,S1,1-Jan,31-Dec,202,108,310,1-Feb-18,17,11607
KOSOVO,[Other],S1,1-Jan,31-Dec,56,46,102,1-Jul-08,,13886
KOSOVO,Pristina,S1,1-Jan,31-Dec,108,71,179,1-Mar-18,,13885
KUWAIT,[Other],S1,1-Jan,31-Dec,327,105,432,1-Apr-15,,11813
KUWAIT,Kuwait City,S1,1-Jan,31-Dec,327,105,432,1-Apr-15,,10348
KYRGYZSTAN,[Other],S1,1-Jan,31-Dec,75,53,128,1-Apr-12,,11772
KYRGYZSTAN,Bishkek,S1,1-Jan,31-Dec,224,87,311,1-Apr-12,,10173
KYRGYZSTAN,Issyk-Kul Region,S1,1-Jan,31-Dec,130,62,192,1-Apr-12,,13580
LAOS,[Other],S1,1-Jan,31-Dec,110,81,191,1-Jul-12,,11796
LAOS,Luang Prabang,S1,1-Jan,31-Dec,184,89,273,1-Jul-12,,13549
LAOS,Vientiane,S1,1-Jan,31-Dec,120,92,212,1-Jul-12,,10288
LATVIA,[Other],S1,1-Jan,31-Dec,82,80,162,1-Sep-17,,11773
LATVIA,Riga,S1,1-Jan,31-Dec,180,113,293,1-Aug-17,,10174
LEBANON,[Other],S1,1-Jan,31-Dec,135,75,210,1-Mar-13,"42,2",11864
LEBANON,Beirut,S1,1-Jan,31-Dec,135,75,210,1-Mar-13,"42,2",10349
LESOTHO,[Other],S1,1-Jan,31-Dec,108,86,194,1-Jul-12,,11823
LESOTHO,Maseru,S1,1-Jan,31-Dec,141,74,215,1-Nov-16,,10374
LIBERIA,[Other],S1,1-Jan,31-Dec,70,46,116,1-Jun-06,39,11841
LIBERIA,Monrovia,S1,1-Jan,31-Dec,200,95,295,1-Jan-13,39,10398
LIBYA,[Other],S1,1-Jan,31-Dec,81,79,160,1-Sep-93,2,11943
LIBYA,Benghazi,S1,1-Jan,31-Dec,117,79,196,1-Sep-93,2,11686
LIBYA,Misurata,S1,1-Jan,31-Dec,117,79,196,1-Sep-93,2,11687
LIBYA,Sirte,S1,1-Jan,31-Dec,117,79,196,1-Sep-93,2,11688
LIBYA,Tripoli,S1,1-Jan,31-Dec,0,21,21,1-Oct-13,"15,2",11689
LIECHTENSTEIN,Liechtenstein,S1,1-Jan,31-Dec,255,171,426,1-Mar-18,,11691
LITHUANIA,[Other],S1,1-Jan,31-Dec,130,92,222,1-Feb-14,,11774
LITHUANIA,Palanga,S1,1-Jun,30-Sep,200,111,311,1-Sep-15,,13941
LITHUANIA,Palanga,S2,1-Oct,31-May,160,107,267,1-Sep-15,,13941
LITHUANIA,Vilnius,S1,1-Jan,31-Dec,200,130,330,1-Mar-18,,10175
LUXEMBOURG,Luxembourg,S1,1-Jan,31-Dec,304,136,440,1-Mar-18,,11063
MACAU,Macau,S1,1-Jan,31-Dec,321,120,441,1-May-08,,11692
MACEDONIA,[Other],S1,1-Jan,31-Dec,89,92,181,1-Aug-14,,11966
MACEDONIA,Ohrid,S1,1-Jan,31-Dec,89,92,181,1-Aug-14,,19994
MACEDONIA,Skopje,S1,1-Jan,31-Dec,160,73,233,1-May-16,,11964
MADAGASCAR,[Other],S1,1-Jan,31-Dec,113,54,167,1-Mar-09,,11865
MADAGASCAR,Antananarivo,S1,1-Jan,31-Dec,158,79,237,1-Mar-09,,10399
MADAGASCAR,Nosy Be,S1,1-Jan,31-Dec,145,68,213,1-Mar-09,,13402
MALAWI,[Other],S1,1-Jan,31-Dec,117,81,198,1-Apr-18,,11842
MALAWI,Blantyre,S1,1-Jan,31-Dec,146,84,230,1-Apr-18,,11491
MALAWI,Lilongwe,S1,1-Jan,31-Dec,150,86,236,1-Apr-18,,10400
MALAWI,Mangochi,S1,1-Jan,31-Dec,117,81,198,1-Apr-18,,12107
MALAWI,Salima,S1,1-Jan,31-Dec,160,91,251,1-Apr-18,,12580
MALAYSIA,[Other],S1,1-Jan,31-Dec,105,51,156,1-Mar-18,23,11797
MALAYSIA,"Kota Kinabalu, Sabah",S1,1-Jan,31-Dec,156,100,256,1-Mar-18,23,11609
MALAYSIA,Kuala Lumpur,S1,1-Jan,31-Dec,186,83,269,1-Mar-18,23,10289
MALAYSIA,Kuantan,S1,1-Jan,31-Dec,85,57,142,1-Mar-18,23,12871
MALAYSIA,Langkawi,S1,1-Jan,31-Dec,259,115,374,1-Mar-18,23,15032
MALAYSIA,Melaka,S1,1-Jan,31-Dec,128,101,229,1-Mar-18,23,15008
MALAYSIA,Penang,S1,1-Jan,31-Dec,137,93,230,1-Apr-18,23,12027
MALDIVES,Maldives,S1,1-Jan,31-Dec,321,117,438,1-May-12,,11694
MALI,[Other],S1,1-Jan,31-Dec,73,49,122,1-Mar-18,2,11866
MALI,Bamako,S1,1-Jan,31-Dec,143,112,255,1-Mar-18,2,10401
MALTA,Malta,S1,1-Jan,31-Dec,329,154,483,1-Mar-18,,11064
MARSHALL ISLANDS,[Other],S1,1-Jan,31-Dec,50,33,83,1-Feb-07,,11803
MARSHALL ISLANDS,Kwajalein Atoll,S1,1-Jan,31-Dec,130,46,176,1-Jul-11,,11610
MARSHALL ISLANDS,Likiep Atoll,S1,1-Jan,31-Dec,76,37,113,1-Feb-07,,13598
MARSHALL ISLANDS,Majuro,S1,1-Jan,31-Dec,139,76,215,1-Nov-12,,10321
MARTINIQUE,Martinique,S1,1-Jan,31-Dec,169,128,297,1-Jun-16,,10060
MAURITANIA,[Other],S1,1-Jan,31-Dec,43,35,78,1-May-16,,11907
MAURITANIA,Kaedi,S1,1-Jan,31-Dec,43,33,76,1-May-16,,13554
MAURITANIA,Nouadhibou,S1,1-Jan,31-Dec,73,56,129,1-May-16,,11495
MAURITANIA,Nouakchott,S1,1-Jan,31-Dec,116,73,189,1-May-16,,10402
MAURITIUS,Mauritius,S1,1-Jan,31-Dec,138,91,229,1-Mar-18,,11065
Mayotte,Mayotte Islands,S1,1-Jan,31-Dec,120,74,194,1-Mar-18,,19007
MEXICO,[Other],S1,1-Jan,31-Dec,102,65,167,1-Dec-00,,11751
MEXICO,Acapulco,S1,1-Jan,31-Dec,170,92,262,1-Dec-00,,11629
MEXICO,Cabo San Lucas,S1,1-Jan,31-Dec,273,108,381,1-Mar-12,,11631
MEXICO,Campeche,S1,1-Jan,31-Dec,106,85,191,1-Jul-14,,11632
MEXICO,Cancun,S1,1-Jan,31-Dec,242,119,361,1-Jun-14,,11633
MEXICO,Chihuahua,S1,1-Jan,31-Dec,96,87,183,1-May-15,,11634
MEXICO,Ciudad Juarez,S1,1-Jan,31-Dec,76,59,135,1-Jan-18,,10070
MEXICO,Ciudad Victoria,S1,1-Jan,31-Dec,96,55,151,1-May-04,,12029
MEXICO,Colima,S1,1-Jan,31-Dec,119,76,195,1-Oct-13,,11638
MEXICO,Cozumel,S1,1-Jan,31-Dec,151,79,230,1-Sep-99,,11639
MEXICO,Cuernavaca,S1,1-Jan,31-Dec,138,73,211,1-Dec-00,,11022
MEXICO,Culiacan,S1,1-Jan,31-Dec,79,48,127,1-Nov-99,,12233
MEXICO,Ensenada,S1,1-Jan,31-Dec,141,69,210,1-Jun-01,,11641
MEXICO,Guadalajara,S1,1-Jan,31-Dec,180,91,271,1-Feb-16,,10071
MEXICO,Hermosillo,S1,1-Jan,31-Dec,115,59,174,1-Oct-99,,10085
MEXICO,Huatulco,S1,1-Jan,31-Dec,132,83,215,1-Dec-00,,12724
MEXICO,Ixtapa Zihuatanejo,S1,1-Jan,31-Dec,99,88,187,1-Dec-00,,11644
MEXICO,La Paz,S1,1-Jan,31-Dec,130,59,189,1-Jun-01,,11645
MEXICO,Manzanillo,S1,1-Jan,31-Dec,145,84,229,1-Nov-13,,11648
MEXICO,Matamoros,S1,1-Jan,31-Dec,87,64,151,1-Apr-07,,10072
MEXICO,Mazatlan,S1,1-Jan,31-Dec,130,56,186,1-Oct-02,,10080
MEXICO,Merida,S1,1-Jan,31-Dec,150,90,240,1-Aug-15,,10073
MEXICO,Mexicali,S1,1-Jan,31-Dec,160,62,222,1-Jun-01,,11650
MEXICO,"Mexico City, D.F.",S1,1-Jan,31-Dec,244,118,362,1-Apr-13,,10069
MEXICO,Monterrey,S1,1-Jan,31-Dec,165,92,257,1-Jan-09,,10075
MEXICO,Morelia,S1,1-Jan,31-Dec,108,64,172,1-Dec-00,,11652
MEXICO,Nogales,S1,1-Jan,31-Dec,132,61,193,1-Mar-05,,11653
MEXICO,Nuevo Laredo,S1,1-Jan,31-Dec,76,84,160,1-Apr-11,,10077
MEXICO,"Playa del Carmen, Quintana Roo",S1,1-Jan,31-Dec,132,97,229,1-Jun-14,,13821
MEXICO,Puebla,S1,1-Jan,31-Dec,138,73,211,1-May-17,,12720
MEXICO,Puerto Penasco,S1,1-Jan,31-Dec,241,121,362,1-Dec-16,,13436
MEXICO,Puerto Vallarta,S1,1-Jan,31-Dec,181,99,280,1-Nov-13,,11655
MEXICO,Queretaro,S1,1-Jan,31-Dec,120,59,179,1-May-17,,12030
MEXICO,San Carlos,S1,1-Jan,31-Dec,111,51,162,1-Jul-99,,11657
MEXICO,San Miguel de Allende,S1,1-Jan,31-Dec,120,59,179,1-Dec-00,,11662
MEXICO,Tapachula,S1,1-Jan,31-Dec,94,57,151,1-Dec-93,,10462
MEXICO,Tijuana,S1,1-Jan,31-Dec,126,78,204,1-Mar-14,,10078
MEXICO,Valle del Bravo,S1,1-Jan,31-Dec,242,95,337,1-Feb-13,,15061
MEXICO,Veracruz,S1,1-Jan,31-Dec,120,71,191,1-Dec-00,,10079
MEXICO,Zacatecas,S1,1-Jan,31-Dec,134,63,197,1-Sep-05,,11665
"Micronesia, Federated States of",[Other],S1,1-Jan,31-Dec,120,65,185,1-Jul-14,,11868
"Micronesia, Federated States of",Chuuk,S1,1-Jan,31-Dec,120,65,185,1-Jul-14,,10800
"Micronesia, Federated States of",Kosrae,S1,1-Jan,31-Dec,125,73,198,1-Jul-14,,10801
"Micronesia, Federated States of",Pohnpei,S1,1-Jan,31-Dec,129,72,201,1-Jul-14,,10802
"Micronesia, Federated States of",Yap,S1,1-Jan,31-Dec,127,71,198,1-Jul-14,,10803
MOLDOVA,[Other],S1,1-Jan,31-Dec,161,73,234,1-Feb-10,,11869
MOLDOVA,Chisinau,S1,1-Jan,31-Dec,161,73,234,1-Feb-10,,10178
MONACO,Monaco,S1,1-Jan,31-Dec,457,137,594,1-Mar-18,,11695
MONGOLIA,[Other],S1,1-Jan,31-Dec,90,71,161,1-Jan-14,,11798
MONGOLIA,Ulaanbaatar,S1,1-Jan,31-Dec,185,100,285,1-Jan-14,,10294
MONTENEGRO,[Other],S1,1-Jan,31-Dec,211,88,299,1-Mar-18,,13600
MONTENEGRO,Podgorica,S1,1-Jan,31-Dec,211,88,299,1-Mar-18,,13596
MONTSERRAT,Montserrat,S1,1-May,30-Nov,70,55,125,1-Aug-10,,19019
MONTSERRAT,Montserrat,S2,1-Dec,30-Apr,105,59,164,1-Aug-10,,19019
MOROCCO,[Other],S1,1-Jan,31-Dec,141,72,213,1-Mar-18,,11896
MOROCCO,Agadir,S1,1-Jan,31-Dec,157,63,220,1-Mar-18,,11399
MOROCCO,Casablanca,S1,1-Jan,31-Dec,206,91,297,1-Mar-18,,10352
MOROCCO,Fes,S1,1-Jan,31-Dec,231,89,320,1-Mar-18,,11401
MOROCCO,Marrakech,S1,1-Jan,31-Dec,215,82,297,1-Mar-18,,11032
MOROCCO,Rabat,S1,1-Jan,31-Dec,160,114,274,1-Sep-17,,10351
MOROCCO,Tangier,S1,1-Jan,31-Dec,178,83,261,1-Mar-18,,10353
MOROCCO,Taroudant,S1,1-Jan,31-Dec,167,68,235,1-Mar-18,,11405
MOZAMBIQUE,[Other],S1,1-Jan,31-Dec,189,114,303,1-Jun-14,,11870
MOZAMBIQUE,Maputo,S1,1-Jan,31-Dec,220,110,330,1-Apr-15,,10404
MOZAMBIQUE,Pemba,S1,1-Jan,31-Dec,189,114,303,1-Jun-14,,19020
NAMIBIA,[Other],S1,1-Jan,31-Dec,73,59,132,1-Mar-18,,11847
NAMIBIA,Etosha,S1,1-Jan,31-Dec,89,49,138,1-Mar-18,,12806
NAMIBIA,Swakopmund,S1,1-Jan,31-Dec,117,62,179,1-Mar-18,,12561
NAMIBIA,Walvis Bay,S1,1-Jan,31-Dec,89,59,148,1-Mar-18,,15052
NAMIBIA,Windhoek,S1,1-Jan,31-Dec,150,92,242,1-Jul-13,,10405
NAURU,Nauru,S1,1-Jan,31-Dec,148,101,249,1-Sep-12,,11696
NEPAL,[Other],S1,1-Jan,31-Dec,129,59,188,1-Jan-14,,11814
NEPAL,Kathmandu,S1,1-Jan,31-Dec,166,91,257,1-Jan-14,,10355
NEPAL,Pokhara,S1,1-Jan,31-Dec,124,60,184,1-Jan-14,,11034
NETHERLANDS,[Other],S1,1-Jan,31-Dec,202,127,329,1-Mar-18,,11776
NETHERLANDS,Amsterdam,S1,1-Jan,31-Dec,253,154,407,1-Mar-18,,10180
NETHERLANDS,Coevorden,S1,1-Jan,31-Dec,171,127,298,1-Mar-18,,11513
NETHERLANDS,Eindhoven,S1,1-Jan,31-Dec,228,120,348,1-Mar-18,,13545
NETHERLANDS,Lisse,S1,1-Jan,31-Dec,188,137,325,1-Mar-18,,11519
NETHERLANDS,Maastricht,S1,1-Jan,31-Dec,258,148,406,1-Mar-18,,11510
NETHERLANDS,Noordwijk,S1,1-Jan,31-Dec,208,113,321,1-Mar-18,,11520
NETHERLANDS,Papendrecht,S1,1-Jan,31-Dec,209,139,348,1-Mar-18,7,11515
NETHERLANDS,Rotterdam,S1,1-Jan,31-Dec,209,139,348,1-Mar-18,7,10181
NETHERLANDS,Schiphol,S1,1-Jan,31-Dec,221,128,349,1-Mar-18,,10938
NETHERLANDS,The Hague,S1,1-Jan,31-Dec,215,123,338,1-Mar-18,,10179
NETHERLANDS,Utrecht,S1,1-Jan,31-Dec,179,127,306,1-Mar-18,,11521
NETHERLANDS,Ypenburg,S1,1-Jan,31-Dec,215,123,338,1-Mar-18,,11514
NETHERLANDS ANTILLES,[Other],S1,15-Apr,14-Dec,118,88,206,1-May-08,,11752
NETHERLANDS ANTILLES,[Other],S2,15-Dec,14-Apr,155,91,246,1-May-08,,11752
NETHERLANDS ANTILLES,Aruba,S1,4-Apr,18-Dec,198,117,315,1-May-08,,11024
NETHERLANDS ANTILLES,Aruba,S2,19-Dec,3-Apr,257,123,380,1-May-08,,11024
NETHERLANDS ANTILLES,Bonaire,S1,15-Apr,14-Dec,118,88,206,1-May-08,,11666
NETHERLANDS ANTILLES,Bonaire,S2,15-Dec,14-Apr,155,91,246,1-May-08,,11666
NETHERLANDS ANTILLES,Curacao,S1,1-Jan,31-Dec,194,111,305,1-Nov-12,,10088
NETHERLANDS ANTILLES,Saba,S1,1-Jan,31-Dec,186,113,299,1-May-08,,12395
NETHERLANDS ANTILLES,Sint Maarten (Dutch Part),S1,1-Jan,31-Dec,180,121,301,1-Nov-12,,11667
NEW CALEDONIA,New Caledonia,S1,1-Jan,31-Dec,192,97,289,1-Jul-08,,11697
NEW ZEALAND,[Other],S1,1-Jan,31-Dec,124,100,224,1-Feb-18,,11871
NEW ZEALAND,Auckland,S1,1-Jan,31-Dec,270,181,451,1-Feb-18,,10296
NEW ZEALAND,Christchurch,S1,1-Jan,31-Dec,186,131,317,1-Feb-18,,10297
NEW ZEALAND,Dunedin,S1,1-Jan,31-Dec,143,121,264,1-Feb-18,,12518
NEW ZEALAND,Queenstown,S1,1-Jan,31-Dec,308,139,447,1-Feb-18,,12313
NEW ZEALAND,Rotarua,S1,1-Jan,31-Dec,147,122,269,1-Feb-18,,12311
NEW ZEALAND,Wellington,S1,1-Jan,31-Dec,195,128,323,1-Feb-18,,10295
NICARAGUA,[Other],S1,1-Jan,31-Dec,98,55,153,1-Apr-11,,11872
NICARAGUA,Corn Island,S1,1-Jan,31-Dec,116,65,181,1-Apr-11,,12695
NICARAGUA,Managua,S1,1-Jan,31-Dec,172,94,266,1-Apr-17,,10089
NICARAGUA,San Juan del Sur,S1,1-Jan,31-Dec,242,70,312,1-May-11,,12696
NIGER,[Other],S1,1-Jan,31-Dec,99,57,156,1-Jul-11,,11844
NIGER,Niamey,S1,1-Jan,31-Dec,136,69,205,1-Mar-18,,10406
NIGERIA,[Other],S1,1-Jan,31-Dec,318,131,449,1-Oct-15,2,11902
NIGERIA,Abuja,S1,1-Jan,31-Dec,424,147,571,1-Oct-14,,10741
NIGERIA,Kaduna,S1,1-Jan,31-Dec,265,113,378,1-Oct-14,2,10743
NIGERIA,Lagos,S1,1-Jan,31-Dec,298,148,446,1-Oct-15,,10744
NIGERIA,Port Harcourt,S1,1-Jan,31-Dec,318,131,449,1-Oct-15,2,13508
NIUE,Niue,S1,1-Jan,31-Dec,76,53,129,1-Feb-18,,11698
NORWAY,[Other],S1,1-Jan,31-Dec,163,129,292,1-Mar-18,,11897
NORWAY,Oslo,S1,1-Jan,31-Dec,163,129,292,1-Mar-18,,10183
NORWAY,Stavanger,S1,1-Jan,31-Dec,247,164,411,1-Mar-18,,12499
OMAN,[Other],S1,1-Jun,30-Sep,211,170,381,1-Mar-15,,11816
OMAN,[Other],S2,1-Oct,31-May,167,165,332,1-Mar-15,,11816
OMAN,Duqm,S1,1-Jan,31-Dec,179,135,314,1-Mar-15,,15071
OMAN,Muscat,S1,1-Jan,31-Dec,261,155,416,1-Oct-13,,10361
OMAN,Salalah,S1,1-Jun,30-Sep,211,170,381,1-Mar-15,,12034
OMAN,Salalah,S2,1-Oct,31-May,167,165,332,1-Mar-15,,12034
OTHER FOREIGN LOCALITIES,Other Foreign Localities,S1,1-Jan,31-Dec,35,20,55,1-Oct-07,,11074
PAKISTAN,[Other],S1,1-Jan,31-Dec,177,82,259,1-Jun-16,2,11815
PAKISTAN,Faisalabad,S1,1-Jan,31-Dec,163,94,257,1-Jun-16,2,11035
PAKISTAN,Islamabad,S1,1-Jan,31-Dec,70,55,125,1-Sep-16,"41,2",10356
PAKISTAN,Karachi,S1,1-Jan,31-Dec,201,82,283,1-Jun-16,"56,2",10359
PAKISTAN,Lahore,S1,1-Jan,31-Dec,231,86,317,1-Jun-16,"57,2",10357
PAKISTAN,Peshawar,S1,1-Jan,31-Dec,124,74,198,1-Jun-16,"58,2",10358
PAKISTAN,Quetta,S1,1-Jan,31-Dec,177,82,259,1-Jun-16,2,11037
PALAU,[Other],S1,1-Jan,31-Dec,204,136,340,1-Apr-15,,11905
PALAU,Koror,S1,1-Jan,31-Dec,204,136,340,1-Apr-15,,10805
PANAMA,[Other],S1,1-Jan,31-Dec,84,58,142,1-Dec-12,,11753
PANAMA,Colon,S1,1-Jan,31-Dec,114,87,201,1-Jan-15,,11026
PANAMA,"David, Chiriqui",S1,1-Jan,31-Dec,114,81,195,1-Nov-12,,12337
PANAMA,Panama City,S1,1-Jan,31-Dec,173,99,272,1-Jan-15,,11076
PAPUA NEW GUINEA,[Other],S1,1-Jan,31-Dec,179,72,251,1-Jun-16,,11799
PAPUA NEW GUINEA,Port Moresby,S1,1-Jan,31-Dec,295,93,388,1-Jun-16,,10300
PARAGUAY,[Other],S1,1-Jan,31-Dec,62,60,122,1-Aug-13,,11873
PARAGUAY,Asuncion,S1,1-Jan,31-Dec,167,104,271,1-Aug-13,,10091
PARAGUAY,Ciudad del Este,S1,1-Jan,31-Dec,133,85,218,1-Aug-13,,11670
PARAGUAY,Pegro Juan,S1,1-Jan,31-Dec,45,76,121,1-Aug-13,,12038
PERU,[Other],S1,1-Jan,31-Dec,127,70,197,1-Feb-12,"18,2",11754
PERU,Cusco,S1,1-Jan,31-Dec,213,120,333,1-Dec-10,18,11673
PERU,Lima,S1,7-Apr,15-Apr,649,147,796,1-Apr-18,18,10092
PERU,Lima,S2,16-Apr,6-Apr,250,108,358,1-Apr-18,18,10092
PERU,Paracas,S1,1-Jan,31-Dec,196,78,274,1-Nov-10,18,12292
PHILIPPINES,[Other],S1,1-Jan,31-Dec,94,78,172,1-Oct-17,2,11875
PHILIPPINES,Cebu,S1,1-Jan,31-Dec,110,75,185,1-Oct-17,,10302
PHILIPPINES,Davao City,S1,1-Jan,31-Dec,82,64,146,1-Oct-17,"60,2",11613
PHILIPPINES,Mactan,S1,1-Jan,31-Dec,160,79,239,1-Oct-17,,20008
PHILIPPINES,Manila,S1,1-Jan,31-Dec,179,110,289,1-Oct-17,34,10301
POLAND,[Other],S1,1-Jan,31-Dec,125,76,201,1-Mar-18,29,11777
POLAND,Bydgoszcz,S1,1-Jan,31-Dec,125,76,201,1-Mar-18,29,12357
POLAND,Gdansk,S1,1-Jan,31-Dec,140,89,229,1-Mar-18,"29,31",11736
POLAND,Katowice,S1,1-Jan,31-Dec,143,91,234,1-Apr-18,29,12360
POLAND,Kielce,S1,1-Jan,31-Dec,143,76,219,1-Mar-18,29,13701
POLAND,Krakow,S1,1-Jan,31-Dec,238,118,356,1-Mar-14,29,10192
POLAND,Poznan,S1,1-Jan,31-Dec,211,96,307,1-Mar-18,29,10191
POLAND,Warsaw,S1,1-Jan,31-Dec,188,90,278,1-Mar-18,29,10190
POLAND,Wroclaw,S1,1-Jan,31-Dec,159,95,254,1-Apr-18,29,12249
POLAND,Zakopane,S1,1-Jan,31-Dec,114,86,200,1-Apr-18,29,12513
PORTUGAL,[Other],S1,1-Jan,31-Dec,107,71,178,1-Mar-18,,11909
PORTUGAL,Cascais,S1,1-Jan,31-Dec,115,103,218,1-Mar-18,,12145
PORTUGAL,Estoril,S1,1-Jan,31-Dec,115,103,218,1-Mar-18,,12146
PORTUGAL,Faial Island,S1,1-Apr,31-Oct,115,77,192,1-Mar-18,,13018
PORTUGAL,Faial Island,S2,1-Nov,31-Mar,106,77,183,1-Mar-18,,13018
PORTUGAL,Lisbon,S1,1-Jan,31-Dec,161,81,242,1-Mar-18,,10185
PORTUGAL,Madeira Islands,S1,1-Jan,31-Dec,120,66,186,1-Mar-18,,12958
PORTUGAL,Oeiras,S1,1-Jan,31-Dec,115,103,218,1-Mar-18,,12147
PORTUGAL,Oporto,S1,1-Jan,31-Dec,146,61,207,1-Mar-18,,10186
PORTUGAL,Ponta Delgada,S1,1-Apr,31-Oct,196,66,262,1-Mar-18,,13020
PORTUGAL,Ponta Delgada,S2,1-Nov,31-Mar,153,62,215,1-Mar-18,,13020
PORTUGAL,Sao Miguel Island,S1,1-Apr,31-Oct,196,66,262,1-Mar-18,,13019
PORTUGAL,Sao Miguel Island,S2,1-Nov,31-Mar,153,62,215,1-Mar-18,,13019
QATAR,[Other],S1,1-Jan,31-Dec,227,162,389,1-Apr-16,,11817
QATAR,Doha,S1,1-Jan,31-Dec,227,162,389,1-Apr-16,,10362
REPUBLIC OF THE CONGO,[Other],S1,1-Jan,31-Dec,299,124,423,1-Mar-18,,11830
REPUBLIC OF THE CONGO,Brazzaville,S1,1-Jan,31-Dec,299,124,423,1-Mar-18,,10385
REUNION,Reunion,S1,1-Jan,31-Dec,145,76,221,1-Apr-07,,11729
ROMANIA,[Other],S1,1-Jan,31-Dec,124,82,206,1-Apr-18,,11876
ROMANIA,Bucharest,S1,1-Jan,31-Dec,181,103,284,1-Apr-18,,10194
ROMANIA,Constanta,S1,1-Jan,31-Dec,97,82,179,1-Mar-13,,13652
RUSSIA,[Other],S1,1-Jan,31-Dec,173,123,296,1-Sep-15,,11778
RUSSIA,Moscow,S1,1-Jan,31-Dec,351,112,463,1-Nov-14,33,10196
RUSSIA,Saint Petersburg,S1,1-Jan,31-Dec,352,134,486,1-Nov-14,,10197
RUSSIA,Sochi,S1,1-Jan,31-Dec,305,202,507,1-Nov-14,,19957
RUSSIA,Vladivostok,S1,1-Jan,31-Dec,221,114,335,1-May-08,,10954
RUSSIA,Yekaterinburg,S1,1-Jan,31-Dec,173,123,296,1-Sep-15,,10199
RUSSIA,Yuzhno-Sakhalinsk,S1,1-Jan,31-Dec,250,120,370,1-Aug-06,,12564
RWANDA,[Other],S1,1-Jan,31-Dec,112,44,156,1-Sep-17,,11845
RWANDA,Akagera,S1,1-Jan,31-Dec,124,70,194,1-Sep-17,,19002
RWANDA,Gisenyi,S1,1-Jan,31-Dec,112,44,156,1-Sep-17,,13473
RWANDA,Kigali,S1,1-Jan,31-Dec,203,88,291,1-Sep-17,,10407
RWANDA,Ruhengeri,S1,1-Jan,31-Dec,98,37,135,1-Sep-17,,13474
SAINT HELENA,Saint Helena,S1,1-Jan,31-Dec,45,16,61,1-Mar-18,,11066
SAINT KITTS AND NEVIS,Saint Kitts and Nevis,S1,16-Apr,14-Dec,212,156,368,1-Sep-14,,11700
SAINT KITTS AND NEVIS,Saint Kitts and Nevis,S2,15-Dec,15-Apr,269,162,431,1-Sep-14,,11700
SAINT VINCENT AND THE GRENADINES,Saint Vincent and the Grenadines,S1,1-May,9-Dec,150,91,241,1-Sep-14,,11703
SAINT VINCENT AND THE GRENADINES,Saint Vincent and the Grenadines,S2,10-Dec,30-Apr,170,93,263,1-Sep-14,,11703
Samoa,Samoa,S1,1-Jan,31-Dec,186,114,300,1-Jun-12,,11071
SAN MARINO,San Marino,S1,1-Jan,31-Dec,126,107,233,1-Mar-18,,11704
SAO TOME AND PRINCIPE,Principe,S1,1-Jan,31-Dec,258,47,305,1-Jan-09,,13520
SAO TOME AND PRINCIPE,Sao Tome,S1,1-Jan,31-Dec,154,117,271,1-Jan-09,,13522
SAUDI ARABIA,[Other],S1,1-Jan,31-Dec,347,163,510,1-Jan-15,11,11818
SAUDI ARABIA,Dhahran Area,S1,1-Jan,31-Dec,260,176,436,1-Feb-15,11,10364
SAUDI ARABIA,Eskan,S1,1-Jan,31-Dec,80,43,123,1-Nov-14,11,19986
SAUDI ARABIA,Jeddah,S1,1-Jan,31-Dec,347,163,510,1-Jan-15,11,10365
SAUDI ARABIA,Medina,S1,1-Jun,30-Sep,169,93,262,1-Mar-05,11,13407
SAUDI ARABIA,Medina,S2,1-Oct,31-May,100,86,186,1-Mar-05,11,13407
SAUDI ARABIA,Riyadh,S1,1-Jan,31-Dec,359,126,485,1-Mar-12,11,10363
SAUDI ARABIA,Taif,S1,1-Jun,30-Sep,133,89,222,1-Mar-05,11,11046
SAUDI ARABIA,Taif,S2,1-Oct,31-May,111,87,198,1-Mar-05,11,11046
SENEGAL,[Other],S1,1-Jan,31-Dec,86,69,155,1-Mar-18,,11877
SENEGAL,Dakar,S1,1-Jan,31-Dec,180,117,297,1-Mar-18,,10408
SENEGAL,Mbour,S1,1-Jan,31-Dec,105,91,196,1-Mar-18,,19009
SERBIA,[Other],S1,1-Jan,31-Dec,60,70,130,1-Apr-15,,11921
SERBIA,Belgrade,S1,1-Jan,31-Dec,201,89,290,1-Apr-15,,11047
SERBIA,Kopaonik,S1,1-Jan,31-Dec,152,68,220,1-Apr-15,,20003
SEYCHELLES,Seychelles,S1,1-Jan,31-Dec,320,127,447,1-May-08,,11068
SIERRA LEONE,[Other],S1,1-Jan,31-Dec,140,81,221,1-Mar-15,,11846
SIERRA LEONE,Freetown,S1,1-Jan,31-Dec,190,129,319,1-Jan-17,,10409
SINGAPORE,Singapore,S1,1-Jan,31-Dec,290,135,425,1-Feb-18,,10309
Slovakia,[Other],S1,1-Jan,31-Dec,123,77,200,1-Mar-18,,11941
Slovakia,Bratislava,S1,1-Jan,31-Dec,186,112,298,1-Mar-18,,11540
Slovakia,Liptovsky Mikulas,S1,1-Jan,31-Dec,137,105,242,1-Mar-18,,91135
Slovakia,Zilina,S1,1-Jan,31-Dec,134,56,190,1-Oct-07,,13647
SLOVENIA,[Other],S1,1-Jan,31-Dec,178,106,284,1-Mar-18,,11942
SLOVENIA,Ljubljana,S1,1-Jan,31-Dec,178,106,284,1-Mar-18,,11541
SLOVENIA,Portoroz,S1,1-Jan,31-Dec,207,86,293,1-Apr-05,,13413
SOLOMON ISLANDS,Solomon Islands,S1,1-Jan,31-Dec,270,94,364,1-May-17,,11069
SOMALIA,[Other],S1,1-Jan,31-Dec,112,57,169,1-Nov-07,2,11889
SOMALIA,Mogadishu,S1,1-Jan,31-Dec,0,66,66,1-Apr-18,2,10410
SOUTH AFRICA,[Other],S1,1-Jan,31-Dec,144,80,224,1-Mar-18,,11848
SOUTH AFRICA,Bloemfontein,S1,1-Jan,31-Dec,155,86,241,1-Mar-18,,13003
SOUTH AFRICA,Cape Town,S1,1-Jan,31-Dec,272,109,381,1-Mar-18,,10412
SOUTH AFRICA,Durban,S1,1-Jan,31-Dec,277,94,371,1-Mar-18,,10413
SOUTH AFRICA,Johannesburg,S1,1-Jan,31-Dec,314,104,418,1-Mar-18,,10414
SOUTH AFRICA,Pretoria,S1,1-Jan,31-Dec,212,111,323,1-Mar-18,,10411
SOUTH AFRICA,Sun City,S1,1-Jan,31-Dec,156,74,230,1-Mar-18,,12784
SOUTH SUDAN,[Other],S1,1-Jan,31-Dec,182,90,272,1-Apr-12,2,15046
SOUTH SUDAN,Juba,S1,1-Jan,31-Dec,182,90,272,1-Mar-12,2,13453
SPAIN,[Other],S1,1-Jan,31-Dec,161,105,266,1-Mar-18,,11779
SPAIN,Almeria,S1,1-Jan,31-Dec,177,115,292,1-Mar-18,,13396
SPAIN,Balearic Islands,S1,1-Jan,31-Dec,207,129,336,1-Mar-18,,13157
SPAIN,Barcelona,S1,1-Jan,31-Dec,257,132,389,1-Mar-18,,10202
SPAIN,Bilbao,S1,1-Jan,31-Dec,169,83,252,1-Mar-18,,10203
SPAIN,Fuengirola,S1,1-Jan,31-Dec,166,95,261,1-Mar-18,,11523
SPAIN,La Coruna,S1,1-Jan,31-Dec,159,96,255,1-Mar-18,,11526
SPAIN,Las Palmas de Gran Canaria,S1,1-Jan,31-Dec,202,102,304,1-Mar-18,,12914
SPAIN,Madrid,S1,1-Jan,31-Dec,246,138,384,1-Mar-18,,10201
SPAIN,Malaga,S1,1-Jan,31-Dec,158,105,263,1-Mar-18,,11529
SPAIN,Marbella,S1,1-Jan,31-Dec,158,105,263,1-Mar-18,,11530
SPAIN,Oviedo,S1,1-Jan,31-Dec,129,97,226,1-Mar-18,,11531
SPAIN,San Sebastian,S1,1-Jan,31-Dec,148,93,241,1-Mar-18,,11533
SPAIN,Santa Cruz de Tenerife,S1,1-Jan,31-Dec,136,95,231,1-Mar-18,,12913
SPAIN,Santander,S1,1-Jan,31-Dec,181,93,274,1-Mar-18,,11534
SPAIN,Santiago de Compostela,S1,1-Jan,31-Dec,181,105,286,1-Mar-18,,11535
SPAIN,Seville,S1,1-Jan,31-Dec,176,92,268,1-Mar-18,,10204
SPAIN,Valencia,S1,1-Jan,31-Dec,144,100,244,1-Mar-18,,11538
SPAIN,Vigo,S1,1-Jan,31-Dec,151,95,246,1-Mar-18,,12915
SPAIN,Zaragoza,S1,1-Jan,31-Dec,234,145,379,1-Apr-08,,10959
SRI LANKA,[Other],S1,1-Jan,31-Dec,107,45,152,1-Oct-11,,11808
SRI LANKA,Ahungalla,S1,1-Jan,31-Dec,110,58,168,1-Jul-00,,12464
SRI LANKA,Bentota,S1,1-Jan,31-Dec,104,42,146,1-Jul-00,,12467
SRI LANKA,Chilaw,S1,1-Jan,31-Dec,98,53,151,1-Aug-11,,15042
SRI LANKA,Colombo,S1,1-Jan,31-Dec,220,97,317,1-Apr-15,,10332
SRI LANKA,Galle,S1,1-Jan,31-Dec,145,71,216,1-May-11,,12470
SRI LANKA,Kandy,S1,1-Jan,31-Dec,177,69,246,1-Oct-11,,11041
SRI LANKA,Trincomalee,S1,1-Jan,31-Dec,155,76,231,1-Apr-11,,19022
ST LUCIA,Saint Lucia,S1,1-Jan,4-May,265,156,421,1-May-16,,11701
ST LUCIA,Saint Lucia,S2,5-May,31-Dec,225,152,377,1-May-16,,11701
SUDAN,[Other],S1,1-Jan,31-Dec,210,85,295,1-Dec-17,2,11879
SUDAN,Khartoum,S1,1-Jan,31-Dec,265,123,388,1-Dec-17,,10418
SURINAME,[Other],S1,1-Jan,31-Dec,149,111,260,1-Mar-16,,11880
SURINAME,Paramaribo,S1,1-Jan,31-Dec,149,111,260,1-Mar-16,,10096
SWAZILAND,[Other],S1,1-Jan,31-Dec,46,31,77,1-Mar-18,,11850
SWAZILAND,Mbabane,S1,1-Jan,31-Dec,141,78,219,1-Mar-18,,10419
SWEDEN,[Other],S1,1-Jan,31-Dec,232,171,403,1-Apr-18,,11780
SWEDEN,Stockholm,S1,1-Jan,31-Dec,232,171,403,1-Apr-18,,10206
SWITZERLAND,[Other],S1,1-Jan,31-Dec,239,159,398,1-Mar-18,,11781
SWITZERLAND,Bad Ragaz,S1,1-Jan,31-Dec,423,162,585,1-Mar-18,69,20009
SWITZERLAND,Basel,S1,1-Jan,31-Dec,245,173,418,1-Mar-18,,12483
SWITZERLAND,Bern,S1,1-Jan,31-Dec,297,164,461,1-Mar-18,,10208
SWITZERLAND,Davos,S1,1-Jan,31-Dec,349,190,539,1-Mar-18,69,12690
SWITZERLAND,Geneva,S1,1-Jan,31-Dec,329,169,498,1-Apr-18,,10210
SWITZERLAND,Klosters,S1,1-Jan,31-Dec,287,180,467,1-Mar-18,69,12738
SWITZERLAND,Lugano,S1,1-Jan,31-Dec,265,173,438,1-Mar-18,,12739
SWITZERLAND,Montreux,S1,1-Jan,31-Dec,351,155,506,1-Mar-18,,12482
SWITZERLAND,Zurich,S1,1-Jan,31-Dec,374,201,575,1-Mar-18,,10209
SYRIA,[Other],S1,1-Jan,31-Dec,236,108,344,1-Feb-11,2,11881
SYRIA,Damascus,S1,1-Jan,31-Dec,236,108,344,1-Feb-11,2,10366
TAIWAN,[Other],S1,1-Jan,31-Dec,121,71,192,1-Jul-13,,11906
TAIWAN,Kaohsiung,S1,1-Jan,31-Dec,117,101,218,1-Jul-17,,10313
TAIWAN,Taichung,S1,1-Jan,31-Dec,116,79,195,1-Mar-18,,11619
TAIWAN,Taipei,S1,1-Jan,31-Dec,181,108,289,1-Mar-18,,10311
TAJIKISTAN,[Other],S1,1-Jan,31-Dec,100,55,155,1-Feb-11,,11782
TAJIKISTAN,Dushanbe,S1,1-Jan,31-Dec,242,83,325,1-Feb-11,,10211
TAJIKISTAN,Khorog,S1,1-Jan,31-Dec,176,80,256,1-Feb-11,,19013
TAJIKISTAN,Kulob,S1,1-Jan,31-Dec,100,55,155,1-Feb-11,,19018
TANZANIA,[Other],S1,1-Jan,31-Dec,110,47,157,1-Jun-14,21,11851
TANZANIA,Arusha,S1,1-Jan,31-Dec,140,100,240,1-Jun-14,21,12158
TANZANIA,Dar Es Salaam,S1,1-Jan,31-Dec,205,104,309,1-Jun-13,21,10420
TANZANIA,Morogoro,S1,1-Jan,31-Dec,137,60,197,1-Jun-14,21,15068
TANZANIA,Zanzibar,S1,1-Jan,31-Dec,185,102,287,1-Jun-13,21,13482
THAILAND,[Other],S1,1-Jan,31-Dec,76,30,106,1-Sep-06,,11882
THAILAND,Bangkok,S1,1-Jan,31-Dec,146,95,241,1-Feb-18,62,10238
THAILAND,Cha Am,S1,1-Jan,31-Dec,162,70,232,1-Mar-17,,19993
THAILAND,Chiang Mai,S1,1-Jan,31-Dec,127,85,212,1-Jan-12,,10239
THAILAND,Chiang Rai,S1,1-Jan,31-Dec,105,75,180,1-Mar-17,,13177
THAILAND,Hat Yai,S1,1-Jan,31-Dec,105,75,180,1-Mar-17,,13178
THAILAND,Hua Hin,S1,1-Jan,31-Dec,162,70,232,1-Mar-17,,11621
THAILAND,Khao Lak,S1,1-Jan,31-Dec,207,74,281,1-Feb-08,,13844
THAILAND,Krabi,S1,1-Jan,31-Dec,207,74,281,1-Feb-08,,13845
THAILAND,Nong Khai,S1,1-Jan,31-Dec,76,30,106,1-Sep-06,,11622
THAILAND,Pattaya City,S1,1-Jan,31-Dec,123,71,194,1-Mar-17,,11623
THAILAND,Phuket,S1,1-Jan,31-Dec,207,82,289,1-Mar-17,,11626
THAILAND,Samui Island,S1,1-Jan,31-Dec,161,71,232,1-Sep-06,,11625
TIMOR-LESTE,[Other],S1,1-Jan,31-Dec,70,30,100,1-Jul-14,,13977
TIMOR-LESTE,Dili,S1,1-Jan,31-Dec,129,76,205,1-Oct-16,,13976
TOGO,[Other],S1,1-Jan,31-Dec,34,47,81,1-Mar-18,,11852
TOGO,Lama Kara,S1,1-Jan,31-Dec,50,56,106,1-Mar-18,,12352
TOGO,Lome,S1,1-Jan,31-Dec,240,154,394,1-Mar-18,,10422
TOGO,Sokode,S1,1-Jan,31-Dec,53,54,107,1-Mar-18,,12356
Tokelau,Tokelau Islands,S1,1-Jan,31-Dec,20,18,38,1-Sep-93,,11705
TONGA,[Other],S1,1-Jan,31-Dec,138,78,216,1-May-16,,11883
TONGA,Nukualofa,S1,1-Jan,31-Dec,138,78,216,1-May-16,,10812
TRINIDAD AND TOBAGO,[Other],S1,1-Jan,31-Dec,236,146,382,1-Jul-17,,11884
TRINIDAD AND TOBAGO,Port of Spain,S1,1-Jan,31-Dec,236,146,382,1-Jul-17,,11077
TRINIDAD AND TOBAGO,Tobago,S1,1-Jan,31-Dec,220,109,329,1-Apr-17,,11674
TUNISIA,[Other],S1,1-Jan,31-Dec,75,98,173,1-Mar-18,2,11819
TUNISIA,Jerba,S1,1-Jan,31-Dec,81,112,193,1-Mar-18,2,11591
TUNISIA,Tabarka,S1,1-Jan,30-Sep,123,103,226,1-Mar-18,2,12309
TUNISIA,Tabarka,S2,1-Oct,31-Dec,91,99,190,1-Mar-18,2,12309
TUNISIA,Tamerza,S1,1-Jan,31-Dec,66,70,136,1-Mar-18,2,13933
TUNISIA,Tozeur,S1,15-Jan,30-Apr,98,79,177,1-Mar-18,2,11598
TUNISIA,Tozeur,S2,1-May,14-Jan,56,75,131,1-Mar-18,2,11598
TUNISIA,Tunis,S1,1-Jan,31-Dec,106,101,207,1-Mar-18,"68,2",10367
TURKEY,[Other],S1,1-Jan,31-Dec,120,82,202,1-Aug-04,2,11783
TURKEY,Adana-Incirlik,S1,1-Jan,31-Dec,165,100,265,1-Feb-13,2,10215
TURKEY,Ankara,S1,1-Jan,31-Dec,269,87,356,1-Apr-18,2,10212
TURKEY,Antalya,S1,1-Jan,31-Dec,189,94,283,1-Aug-04,2,11547
TURKEY,Aydin,S1,1-Jan,31-Dec,160,104,264,1-Aug-04,2,12405
TURKEY,Bursa,S1,1-Jan,31-Dec,158,102,260,1-Aug-04,2,12399
TURKEY,Elmadag,S1,1-Jan,31-Dec,269,87,356,1-Apr-18,2,10964
TURKEY,Gaziantep,S1,1-Jan,31-Dec,140,93,233,1-Nov-15,2,19985
TURKEY,Istanbul,S1,1-Jan,31-Dec,299,131,430,1-Jun-11,2,10213
TURKEY,Izmir-Cigli,S1,1-Jan,31-Dec,246,82,328,1-Apr-18,2,11545
TURKEY,Manzarali,S1,1-Jan,31-Dec,269,87,356,1-Apr-18,2,11542
TURKEY,Nevsehir,S1,1-Jan,31-Dec,140,93,233,1-Aug-04,2,12410
TURKEY,Yamanlar,S1,1-Jan,31-Dec,246,82,328,1-Apr-18,2,11546
TURKMENISTAN,[Other],S1,1-Jan,31-Dec,100,65,165,1-Jun-10,,11784
TURKMENISTAN,Ashgabat,S1,1-Jan,31-Dec,189,93,282,1-Dec-15,,10217
TURKS AND CAICOS ISLANDS,Turks and Caicos Islands,S1,1-Jan,15-Apr,304,165,469,1-Mar-15,,12562
TURKS AND CAICOS ISLANDS,Turks and Caicos Islands,S2,16-Apr,31-Dec,231,157,388,1-Mar-15,,12562
TUVALU,Tuvalu,S1,1-Jan,31-Dec,112,82,194,1-Aug-10,,11070
UGANDA,[Other],S1,1-Jan,31-Dec,62,48,110,1-Jan-14,,11853
UGANDA,Entebbe,S1,1-Jan,31-Dec,203,77,280,1-Jun-16,,12232
UGANDA,Fort Portal,S1,1-Jan,31-Dec,113,63,176,1-Feb-14,,15002
UGANDA,Gulu,S1,1-Jan,31-Dec,62,48,110,1-Jan-14,,15000
UGANDA,Jinja,S1,1-Jan,31-Dec,215,74,289,1-Feb-14,,13912
UGANDA,Kampala,S1,1-Jan,31-Dec,250,90,340,1-Jan-14,,10423
UGANDA,Mbale,S1,1-Jan,31-Dec,71,75,146,1-Jan-14,,15003
UKRAINE,[Other],S1,1-Jan,31-Dec,140,97,237,1-May-08,,11785
UKRAINE,Kharkiv,S1,1-Jan,31-Dec,152,95,247,1-May-08,,12625
UKRAINE,Kyiv,S1,1-Jan,31-Dec,243,131,374,1-Mar-11,,10218
UNITED ARAB EMIRATES,[Other],S1,1-Jan,31-Dec,340,198,538,1-Apr-14,,11885
UNITED ARAB EMIRATES,Abu Dhabi,S1,1-Jan,31-Dec,340,198,538,1-Apr-14,,10368
UNITED ARAB EMIRATES,Dubai,S1,1-Jan,31-Dec,385,168,553,1-Oct-16,,10369
UNITED KINGDOM,[Other],S1,1-Jan,31-Dec,207,123,330,1-Aug-17,,11886
UNITED KINGDOM,Belfast,S1,1-Jan,31-Dec,216,114,330,1-Mar-18,,10220
UNITED KINGDOM,Birmingham,S1,1-Jan,31-Dec,180,80,260,1-Mar-18,,10221
UNITED KINGDOM,Bristol,S1,1-Jan,31-Dec,215,102,317,1-Mar-18,,10969
UNITED KINGDOM,Cambridge,S1,1-Jan,31-Dec,287,149,436,1-Mar-18,67,10499
UNITED KINGDOM,"Cardiff, Wales",S1,1-Jan,31-Dec,187,92,279,1-Mar-18,,12420
UNITED KINGDOM,Caversham,S1,1-Jan,31-Dec,245,135,380,1-Mar-18,,10504
UNITED KINGDOM,Cheltenham,S1,1-Jan,31-Dec,166,112,278,1-Mar-18,,10506
UNITED KINGDOM,Crawley,S1,1-Jan,31-Dec,324,198,522,1-Mar-18,13,11576
UNITED KINGDOM,Edinburgh,S1,1-Jul,30-Sep,641,153,794,1-Apr-18,,10222
UNITED KINGDOM,Edinburgh,S2,1-Oct,30-Jun,202,109,311,1-Apr-18,,10222
UNITED KINGDOM,Fairford,S1,1-Jan,31-Dec,186,97,283,1-Mar-18,,10976
UNITED KINGDOM,Gatwick,S1,1-Jan,31-Dec,189,134,323,1-Mar-18,,11550
UNITED KINGDOM,Glasgow,S1,1-Jan,31-Dec,180,96,276,1-Mar-18,,10223
UNITED KINGDOM,Harrogate,S1,1-Jan,31-Dec,130,75,205,1-Mar-18,,11553
UNITED KINGDOM,High Wycombe,S1,1-Jan,31-Dec,168,102,270,1-Mar-18,,11555
UNITED KINGDOM,Horley,S1,1-Jan,31-Dec,189,134,323,1-Mar-18,,11580
UNITED KINGDOM,Liverpool,S1,1-Jan,31-Dec,240,141,381,1-Mar-18,,12422
UNITED KINGDOM,London,S1,1-Jan,31-Dec,324,198,522,1-Mar-18,13,10219
UNITED KINGDOM,Loudwater,S1,1-Jan,31-Dec,157,109,266,1-Mar-18,,12124
UNITED KINGDOM,Manchester,S1,1-Jan,31-Dec,261,137,398,1-Mar-18,14,11582
UNITED KINGDOM,Menwith Hill,S1,1-Jan,31-Dec,130,75,205,1-Mar-18,,11554
UNITED KINGDOM,Oxford,S1,1-Jan,31-Dec,287,166,453,1-Mar-18,,12421
UNITED KINGDOM,Reading,S1,1-Jan,31-Dec,245,135,380,1-Mar-18,,11557
URUGUAY,[Other],S1,1-Jan,31-Dec,160,92,252,1-Apr-11,,11755
URUGUAY,Colonia,S1,1-Jan,31-Dec,186,79,265,1-Aug-09,,13384
URUGUAY,Montevideo,S1,1-Jan,31-Dec,160,92,252,1-Apr-11,,10098
URUGUAY,Punta del Este,S1,16-Mar,14-Dec,220,121,341,1-Aug-09,,11676
URUGUAY,Punta del Este,S2,15-Dec,15-Mar,264,125,389,1-Aug-09,,11676
UZBEKISTAN,[Other],S1,1-Jan,31-Dec,80,62,142,1-Nov-11,,11786
UZBEKISTAN,Tashkent,S1,1-Jan,31-Dec,180,99,279,1-Feb-12,,10227
VANUATU,[Other],S1,1-Jan,31-Dec,20,13,33,1-Sep-93,,11959
VANUATU,Port Vila,S1,1-Jan,31-Dec,176,119,295,1-May-17,,11707
VANUATU,Santos,S1,1-Jan,31-Dec,190,103,293,1-May-17,,11708
VANUATU,Tanna Island,S1,1-Jan,31-Dec,267,111,378,1-May-17,,11709
VENEZUELA,[Other],S1,1-Jan,31-Dec,278,206,484,1-Oct-14,1,11887
VENEZUELA,Barquisimeto,S1,1-Jan,31-Dec,263,299,562,1-Oct-14,1,13430
VENEZUELA,Caracas,S1,1-Jan,31-Dec,314,261,575,1-Oct-14,1,10099
VENEZUELA,Maracaibo,S1,1-Jan,31-Dec,276,287,563,1-Oct-14,1,10100
VENEZUELA,Porlamar,S1,1-Jan,31-Dec,266,281,547,1-Oct-14,1,13428
VENEZUELA,Puerto La Cruz,S1,1-Jan,31-Dec,278,206,484,1-Oct-14,1,13433
VENEZUELA,Puerto Ordaz,S1,1-Jan,31-Dec,285,214,499,1-Oct-14,1,13426
VENEZUELA,Punto Fijo,S1,1-Jan,31-Dec,241,231,472,1-Oct-14,1,13435
VENEZUELA,San Cristobal,S1,1-Jan,31-Dec,278,268,546,1-Oct-14,1,13434
VENEZUELA,Valencia,S1,1-Jan,31-Dec,249,256,505,1-Oct-14,1,13429
VIETNAM,[Other],S1,1-Jan,31-Dec,122,85,207,1-Jun-08,,11802
VIETNAM,Dalat,S1,1-Jan,31-Dec,154,90,244,1-Nov-03,,12729
VIETNAM,Danang,S1,1-Jan,31-Dec,143,98,241,1-Jun-14,,12730
VIETNAM,Hanoi,S1,1-Jan,31-Dec,180,98,278,1-Mar-08,,10314
VIETNAM,Ho Chi Minh City,S1,1-Jan,31-Dec,220,86,306,1-Jan-08,,12631
"VIRGIN ISLANDS, BRITISH","Virgin Islands, British",S1,15-Apr,14-Dec,138,100,238,1-Aug-10,,19017
"VIRGIN ISLANDS, BRITISH","Virgin Islands, British",S2,15-Dec,14-Apr,192,105,297,1-Aug-10,,19017
WALLIS AND FUTUNA,Wallis and Futuna,S1,1-Jan,31-Dec,73,64,137,1-Oct-93,,11710
YEMEN,[Other],S1,1-Jan,31-Dec,108,65,173,1-Mar-07,2,11820
YEMEN,Aden,S1,1-Jan,31-Dec,164,58,222,1-Sep-96,2,11600
YEMEN,Sanaa,S1,1-Jan,31-Dec,360,95,455,1-Feb-13,2,10370
ZAMBIA,[Other],S1,1-Jan,31-Dec,95,80,175,1-Mar-11,,11890
ZAMBIA,Livingstone,S1,1-Jan,31-Dec,236,103,339,1-Mar-11,,11504
ZAMBIA,Lusaka,S1,1-Jan,31-Dec,190,95,285,1-Mar-11,,10430
ZIMBABWE,[Other],S1,1-Jan,31-Dec,129,92,221,1-Dec-16,,11849
ZIMBABWE,Bulawayo,S1,1-Jan,31-Dec,138,94,232,1-Dec-16,,12074
ZIMBABWE,Harare,S1,1-Jan,31-Dec,192,112,304,1-Dec-16,,10417
ZIMBABWE,Victoria Falls,S1,1-Jan,31-Dec,243,122,365,1-Dec-16,,11507